timestamp,open,close,min,max,volume,volumeQuote
2020-03-24T21:22:00.000Z,6722.07,6721.79,6720.57,6722.31,0.41179,2767.5024464
2020-03-24T21:23:00.000Z,6722.01,6722.11,6719.69,6722.11,0.78347,5266.1503151
2020-03-24T21:24:00.000Z,6721.83,6721.99,6721.83,6721.99,0.00072,4.8397272
2020-03-24T21:25:00.000Z,6720.92,6721.66,6720.72,6724.56,1.00672,6768.1180853
2020-03-24T21:26:00.000Z,6721.78,6721.06,6720.68,6723.40,0.10734,721.549673
2020-03-24T21:27:00.000Z,6724.56,6721.16,6721.13,6725.28,0.45765,3077.4485127
2020-03-24T21:28:00.000Z,6722.47,6724.40,6721.33,6724.40,0.53094,3569.2053092
2020-03-24T21:29:00.000Z,6725.22,6729.64,6723.59,6729.67,0.96791,6509.2247139
2020-03-24T21:30:00.000Z,6729.29,6724.37,6724.37,6730.86,4.03893,27174.6459513
2020-03-24T21:31:00.000Z,6724.85,6724.46,6724.46,6726.24,0.0893,600.5476398
2020-03-24T21:32:00.000Z,6726.91,6726.96,6725.76,6729.01,0.40835,2746.7228245
2020-03-24T21:33:00.000Z,6726.62,6725.74,6725.74,6727.48,0.59489,4001.6729113
2020-03-24T21:34:00.000Z,6727.96,6723.40,6723.40,6727.96,1.09283,7347.8678367
2020-03-24T21:35:00.000Z,6722.97,6718.23,6718.23,6722.97,84.76294,569514.2509254
2020-03-24T21:36:00.000Z,6715.41,6679.30,6679.16,6715.41,62.19392,417427.9326611
2020-03-24T21:37:00.000Z,6679.32,6675.65,6659.03,6685.64,189.96133,1268295.9795711
2020-03-24T21:38:00.000Z,6675.04,6680.67,6670.30,6681.54,203.76763,1360644.0798171
2020-03-24T21:39:00.000Z,6682.02,6691.23,6680.18,6692.00,35.46662,237026.0477051
2020-03-24T21:40:00.000Z,6691.18,6678.19,6678.19,6692.29,0.53579,3583.6591616
2020-03-24T21:41:00.000Z,6676.79,6660.11,6659.51,6676.79,1.3906,9270.7906515
2020-03-24T21:42:00.000Z,6659.00,6671.50,6658.41,6671.95,1.38958,9258.4372746
2020-03-24T21:43:00.000Z,6672.18,6674.11,6671.95,6675.62,0.37577,2508.1908314
2020-03-24T21:44:00.000Z,6675.00,6668.93,6667.88,6675.00,0.2958,1973.8721638
2020-03-24T21:45:00.000Z,6660.00,6631.66,6612.31,6660.00,10.31633,68480.7206409
2020-03-24T21:46:00.000Z,6632.34,6646.93,6632.34,6648.24,3.70103,24587.0706124
2020-03-24T21:47:00.000Z,6649.99,6647.22,6634.45,6650.00,1.19083,7907.8382744
2020-03-24T21:48:00.000Z,6636.99,6641.42,6635.89,6644.34,0.43858,2911.2571017
2020-03-24T21:49:00.000Z,6645.90,6643.61,6642.74,6649.92,0.23761,1579.4519901
2020-03-24T21:50:00.000Z,6641.93,6656.62,6631.53,6662.78,2.02562,13465.7931222
2020-03-24T21:51:00.000Z,6654.92,6659.90,6654.92,6668.10,0.08354,556.5533337
2020-03-24T21:52:00.000Z,6659.82,6659.82,6659.13,6664.67,0.18191,1212.019477
2020-03-24T21:53:00.000Z,6660.52,6656.71,6656.71,6661.08,0.29219,1945.4184721
2020-03-24T21:54:00.000Z,6656.00,6668.15,6653.45,6669.79,1.07226,7146.1669336
2020-03-24T21:55:00.000Z,6668.16,6670.27,6663.84,6670.27,0.57949,3864.0317407
2020-03-24T21:56:00.000Z,6670.54,6697.13,6670.54,6701.21,2.63216,17606.4965161
2020-03-24T21:57:00.000Z,6696.64,6694.34,6691.62,6699.37,1.42473,9541.0808885
2020-03-24T21:58:00.000Z,6692.54,6705.00,6688.47,6705.00,2.95321,19757.0404968
2020-03-24T21:59:00.000Z,6704.46,6697.23,6696.05,6704.46,17.93859,120159.2301321
2020-03-24T22:00:00.000Z,6696.24,6680.10,6680.10,6696.24,10.22579,68402.6524848
2020-03-24T22:01:00.000Z,6680.89,6680.73,6680.73,6685.64,58.76823,392830.1002915
2020-03-24T22:02:00.000Z,6681.83,6693.19,6673.03,6703.07,69.56118,464789.9480935
2020-03-24T22:03:00.000Z,6691.75,6684.13,6683.86,6692.66,115.17035,770585.169228
2020-03-24T22:04:00.000Z,6690.21,6695.18,6687.16,6695.18,96.20711,643586.7662849
2020-03-24T22:05:00.000Z,6694.27,6688.71,6688.22,6694.27,188.90234,1263988.6680844
2020-03-24T22:06:00.000Z,6688.53,6701.03,6688.53,6701.03,107.68717,720285.2618597
2020-03-24T22:07:00.000Z,6700.25,6709.93,6700.21,6713.65,13.51659,90572.1999815
2020-03-24T22:08:00.000Z,6713.78,6713.00,6700.94,6713.78,5.30761,35608.6546586
2020-03-24T22:09:00.000Z,6710.84,6731.62,6710.29,6733.04,8.20393,55114.6545926
2020-03-24T22:10:00.000Z,6728.85,6724.24,6714.64,6731.45,2.439,16401.1762467
2020-03-24T22:11:00.000Z,6722.66,6741.54,6715.85,6751.93,12.13469,81783.6952261
2020-03-24T22:12:00.000Z,6744.90,6730.46,6727.13,6744.90,3.8705,26077.2471774
2020-03-24T22:13:00.000Z,6730.40,6728.63,6728.62,6731.72,5.4935,36969.3183521
2020-03-24T22:14:00.000Z,6729.40,6729.26,6726.69,6731.64,3.4703,23353.486888
2020-03-24T22:15:00.000Z,6730.10,6726.04,6724.44,6732.75,3.96404,26677.2404421
2020-03-24T22:16:00.000Z,6722.94,6727.93,6721.82,6731.58,5.34246,35939.6867916
2020-03-24T22:17:00.000Z,6730.00,6725.21,6719.48,6730.21,1.17848,7924.4503874
2020-03-24T22:18:00.000Z,6723.62,6725.49,6719.12,6729.03,2.15542,14493.4066286
2020-03-24T22:19:00.000Z,6729.22,6736.02,6729.22,6736.02,4.32688,29128.9723116
2020-03-24T22:20:00.000Z,6732.95,6727.56,6725.12,6732.95,9.48048,63805.7573895
2020-03-24T22:21:00.000Z,6725.51,6725.26,6722.13,6728.85,18.73982,126064.8722829
2020-03-24T22:22:00.000Z,6725.46,6720.96,6717.93,6725.46,44.27553,297576.9188154
2020-03-24T22:23:00.000Z,6719.35,6729.12,6719.35,6729.97,33.32805,224068.2807956
2020-03-24T22:24:00.000Z,6729.11,6730.57,6721.42,6730.57,16.0869,108172.7674757
2020-03-24T22:25:00.000Z,6730.91,6724.87,6723.43,6730.91,74.64721,502317.9763348
2020-03-24T22:26:00.000Z,6726.03,6731.91,6722.40,6731.91,0.04038,271.6197503
2020-03-24T22:27:00.000Z,6730.00,6736.50,6726.12,6736.50,0.23188,1560.1703969
2020-03-24T22:28:00.000Z,6733.63,6732.14,6724.10,6733.63,1.00152,6737.9182064
2020-03-24T22:29:00.000Z,6729.96,6731.46,6729.55,6733.07,0.2115,1423.3699431
2020-03-24T22:30:00.000Z,6731.83,6758.03,6731.83,6758.03,4.95518,33407.1955993
2020-03-24T22:31:00.000Z,6758.03,6775.78,6745.43,6776.45,4.93515,33374.4072139
2020-03-24T22:32:00.000Z,6776.46,6774.39,6760.56,6789.60,12.13556,82255.741842
2020-03-24T22:33:00.000Z,6782.19,6777.07,6772.74,6782.76,4.29997,29143.2634623
2020-03-24T22:34:00.000Z,6777.68,6775.59,6766.34,6777.68,4.56545,30907.6792362
2020-03-24T22:35:00.000Z,6774.27,6789.30,6774.27,6791.25,0.81808,5550.3771269
2020-03-24T22:36:00.000Z,6790.40,6776.11,6776.11,6791.26,1.60294,10878.890593
2020-03-24T22:37:00.000Z,6774.61,6761.44,6761.17,6776.70,0.80305,5437.3300461
2020-03-24T22:38:00.000Z,6763.26,6783.24,6762.93,6783.24,0.41855,2832.270608
2020-03-24T22:39:00.000Z,6783.61,6771.19,6767.85,6785.13,1.32859,9006.2519876
2020-03-24T22:40:00.000Z,6766.26,6773.86,6760.11,6773.86,5.10262,34519.715989
2020-03-24T22:41:00.000Z,6771.69,6772.44,6763.97,6772.64,1.35382,9163.3446641
2020-03-24T22:42:00.000Z,6773.65,6768.12,6767.88,6774.99,1.23628,8372.1589996
2020-03-24T22:43:00.000Z,6766.24,6769.58,6765.89,6773.64,0.57097,3865.1115769
2020-03-24T22:44:00.000Z,6768.41,6764.08,6763.80,6768.41,1.64926,11158.1189748
2020-03-24T22:45:00.000Z,6762.76,6772.86,6762.76,6773.44,10.06963,68154.9428808
2020-03-24T22:46:00.000Z,6765.69,6754.28,6749.81,6765.86,16.45442,111139.8885938
2020-03-24T22:47:00.000Z,6754.38,6756.33,6754.36,6760.01,37.07716,250489.6054776
2020-03-24T22:48:00.000Z,6756.83,6767.40,6756.83,6767.40,145.37279,983213.4721595
2020-03-24T22:49:00.000Z,6766.77,6759.17,6757.69,6766.77,47.23163,319309.1661471
2020-03-24T22:50:00.000Z,6759.55,6768.31,6759.55,6768.31,267.42086,1808130.0840779
2020-03-24T22:51:00.000Z,6774.54,6770.52,6770.48,6777.28,17.60935,119246.963498
2020-03-24T22:52:00.000Z,6769.92,6774.97,6769.92,6780.00,2.28567,15490.7316378
2020-03-24T22:53:00.000Z,6775.39,6773.53,6772.40,6777.32,1.24874,8460.6155546
2020-03-24T22:54:00.000Z,6775.40,6775.42,6774.73,6776.08,0.01876,127.1036028
2020-03-24T22:55:00.000Z,6769.80,6769.11,6764.62,6770.70,1.09778,7432.2560377
2020-03-24T22:56:00.000Z,6768.91,6758.90,6758.81,6768.91,1.28127,8664.3800045
2020-03-24T22:57:00.000Z,6757.96,6750.93,6750.93,6764.16,1.37095,9265.9488115
2020-03-24T22:58:00.000Z,6752.54,6760.89,6752.54,6761.82,2.72466,18417.5485937
2020-03-24T22:59:00.000Z,6760.73,6756.87,6756.37,6762.74,4.44309,30031.3356537
2020-03-24T23:00:00.000Z,6757.75,6734.93,6734.93,6759.86,26.48073,178928.719101
2020-03-24T23:01:00.000Z,6734.06,6747.00,6734.06,6747.69,26.78227,180482.3025135
2020-03-24T23:02:00.000Z,6747.05,6741.12,6729.74,6747.67,36.8127,248365.5890905
2020-03-24T23:03:00.000Z,6745.62,6736.47,6733.32,6745.62,31.92038,215005.2114195
2020-03-24T23:04:00.000Z,6738.48,6735.53,6729.07,6739.16,257.9497,1738013.2273417
2020-03-24T23:05:00.000Z,6737.24,6741.24,6737.24,6749.74,2.46416,16613.90669
2020-03-24T23:06:00.000Z,6737.28,6740.50,6734.16,6742.19,35.98683,242465.7029907
2020-03-24T23:07:00.000Z,6739.12,6715.48,6711.09,6739.52,150.21585,1011859.3502116
2020-03-24T23:08:00.000Z,6712.04,6728.58,6712.04,6728.58,33.00199,221830.6492279
2020-03-24T23:09:00.000Z,6723.00,6721.09,6721.09,6723.00,112.52786,756424.5089824
2020-03-24T23:10:00.000Z,6722.45,6734.24,6722.33,6735.15,129.7891,873659.5050381
2020-03-24T23:11:00.000Z,6736.73,6744.70,6736.73,6744.70,104.72054,705736.7341414
2020-03-24T23:12:00.000Z,6741.79,6739.62,6735.50,6743.17,84.52526,569803.663908
2020-03-24T23:13:00.000Z,6739.92,6754.49,6738.28,6754.49,7.76657,52353.0476748
2020-03-24T23:14:00.000Z,6756.12,6758.46,6748.42,6758.81,2.0505,13854.0245908
2020-03-24T23:15:00.000Z,6758.10,6754.08,6754.08,6759.60,0.53088,3587.1579296
2020-03-24T23:16:00.000Z,6754.78,6755.23,6754.78,6755.23,0.00045,3.0396555
2020-03-24T23:17:00.000Z,6756.64,6748.93,6748.93,6756.64,0.06857,462.8699531
2020-03-24T23:18:00.000Z,6747.62,6742.80,6740.89,6747.83,0.53934,3638.4656136
2020-03-24T23:19:00.000Z,6746.49,6736.47,6736.23,6748.52,0.38838,2619.6494405
2020-03-24T23:20:00.000Z,6736.85,6755.76,6736.85,6755.89,0.93911,6336.9619503
2020-03-24T23:21:00.000Z,6753.39,6753.87,6752.53,6770.73,3.45937,23389.20318
2020-03-24T23:22:00.000Z,6753.87,6745.57,6744.18,6759.53,0.73646,4972.3290948
2020-03-24T23:23:00.000Z,6746.59,6746.38,6742.95,6747.74,0.51859,3498.4152257
2020-03-24T23:24:00.000Z,6745.03,6757.52,6745.00,6761.53,5.0965,34411.6585854
2020-03-24T23:25:00.000Z,6761.97,6771.98,6761.97,6771.98,2.12159,14357.3471458
2020-03-24T23:26:00.000Z,6770.81,6768.37,6761.62,6770.81,3.41597,23118.2476559
2020-03-24T23:27:00.000Z,6769.74,6781.03,6767.58,6782.82,1.88961,12801.455244
2020-03-24T23:28:00.000Z,6776.09,6775.32,6773.28,6781.97,5.35462,36285.5048334
2020-03-24T23:29:00.000Z,6775.66,6777.17,6771.31,6780.56,0.48449,3283.8021791
2020-03-24T23:30:00.000Z,6774.81,6760.36,6760.36,6776.71,3.21911,21789.1791836
2020-03-24T23:31:00.000Z,6756.93,6774.61,6756.93,6776.80,6.49555,43989.2396876
2020-03-24T23:32:00.000Z,6774.64,6775.04,6772.38,6782.92,3.87944,26290.0120758
2020-03-24T23:33:00.000Z,6783.60,6757.48,6757.48,6788.47,20.13682,136423.2296264
2020-03-24T23:34:00.000Z,6760.15,6768.12,6753.85,6771.29,24.70854,167154.0673945
2020-03-24T23:35:00.000Z,6769.56,6756.50,6755.92,6769.56,16.93682,114551.0855653
2020-03-24T23:36:00.000Z,6757.79,6748.14,6746.77,6759.66,128.33854,866936.8262501
2020-03-24T23:37:00.000Z,6747.26,6764.87,6746.84,6764.87,20.57505,138919.9760621
2020-03-24T23:38:00.000Z,6768.36,6765.39,6763.60,6772.58,300.24106,2031620.3627351
2020-03-24T23:39:00.000Z,6767.52,6773.53,6760.99,6773.53,163.13196,1103764.328923
2020-03-24T23:40:00.000Z,6772.61,6764.23,6764.18,6773.68,169.56096,1147335.0873074
2020-03-24T23:41:00.000Z,6767.72,6769.71,6767.72,6777.14,28.82853,195206.2911341
2020-03-24T23:42:00.000Z,6770.40,6767.67,6767.67,6770.40,28.45747,192652.8079715
2020-03-24T23:43:00.000Z,6768.72,6758.47,6758.47,6774.04,13.53604,91648.6246801
2020-03-24T23:44:00.000Z,6759.41,6753.91,6750.68,6762.01,2.72209,18387.7742374
2020-03-24T23:45:00.000Z,6755.46,6749.42,6748.16,6760.81,1.53164,10346.1111843
2020-03-24T23:46:00.000Z,6749.63,6738.72,6730.03,6749.63,15.37227,103669.7778842
2020-03-24T23:47:00.000Z,6740.95,6741.41,6731.94,6744.34,5.53953,37312.1685588
2020-03-24T23:48:00.000Z,6743.90,6734.39,6734.39,6745.26,34.38356,231888.2823351
2020-03-24T23:49:00.000Z,6740.84,6738.17,6738.17,6744.61,187.00156,1260562.5178243
2020-03-24T23:50:00.000Z,6733.47,6745.18,6701.00,6745.85,19.74899,132657.1784882
2020-03-24T23:51:00.000Z,6741.94,6730.52,6722.76,6741.94,226.41212,1524276.8525352
2020-03-24T23:52:00.000Z,6736.57,6732.22,6731.96,6737.56,80.81916,544392.0735655
2020-03-24T23:53:00.000Z,6732.55,6745.79,6732.55,6745.79,388.72855,2618205.9609942
2020-03-24T23:54:00.000Z,6747.20,6735.02,6732.78,6747.20,183.36285,1235697.2779388
2020-03-24T23:55:00.000Z,6739.53,6738.43,6738.43,6748.15,96.90744,653630.1379498
2020-03-24T23:56:00.000Z,6737.82,6747.31,6737.62,6752.73,169.59792,1143755.6592339
2020-03-24T23:57:00.000Z,6748.49,6738.96,6738.96,6749.45,152.11634,1026233.3080373
2020-03-24T23:58:00.000Z,6739.37,6747.13,6736.86,6748.98,93.97288,633242.6750048
2020-03-24T23:59:00.000Z,6747.53,6745.28,6740.36,6748.46,82.37635,555710.6836294
2020-03-25T00:00:00.000Z,6744.53,6716.93,6714.78,6744.53,16.33766,109883.5859543
2020-03-25T00:01:00.000Z,6714.07,6676.96,6653.50,6714.36,47.94515,320028.692798
2020-03-25T00:02:00.000Z,6676.40,6685.05,6675.04,6696.61,9.8054,65557.0215684
2020-03-25T00:03:00.000Z,6682.58,6673.92,6666.93,6689.35,14.8375,99011.8287545
2020-03-25T00:04:00.000Z,6671.07,6690.38,6671.07,6690.38,37.43911,250195.0912781
2020-03-25T00:05:00.000Z,6688.46,6684.51,6674.61,6688.62,57.70189,385480.6911856
2020-03-25T00:06:00.000Z,6690.00,6678.23,6676.34,6691.91,134.01613,895112.9780312
2020-03-25T00:07:00.000Z,6672.32,6668.76,6656.26,6675.51,31.50096,210169.9842071
2020-03-25T00:08:00.000Z,6665.46,6632.30,6632.30,6665.46,7.24796,48173.8223164
2020-03-25T00:09:00.000Z,6633.61,6626.26,6606.72,6645.89,15.01156,99350.0844335
2020-03-25T00:10:00.000Z,6623.54,6643.30,6623.54,6643.30,8.44085,56022.9707391
2020-03-25T00:11:00.000Z,6641.99,6626.99,6622.31,6642.65,3.21837,21331.2945672
2020-03-25T00:12:00.000Z,6631.70,6636.17,6631.70,6650.25,2.51012,16676.4283361
2020-03-25T00:13:00.000Z,6635.08,6658.78,6635.08,6664.76,2.03185,13521.6243146
2020-03-25T00:14:00.000Z,6655.66,6646.36,6643.85,6656.25,1.49626,9945.7405651
2020-03-25T00:15:00.000Z,6646.22,6653.21,6646.22,6665.08,7.06383,47039.4061074
2020-03-25T00:16:00.000Z,6653.86,6648.94,6643.67,6654.91,7.3994,49194.4212651
2020-03-25T00:17:00.000Z,6647.86,6638.32,6633.78,6648.67,21.34045,141685.6507499
2020-03-25T00:18:00.000Z,6638.09,6636.82,6633.16,6653.26,72.5513,482095.8759653
2020-03-25T00:19:00.000Z,6635.48,6647.33,6635.25,6655.02,124.03628,824167.6987144
2020-03-25T00:20:00.000Z,6646.92,6641.54,6641.54,6652.30,219.16133,1456684.2724604
2020-03-25T00:21:00.000Z,6640.42,6655.78,6639.26,6660.00,262.47048,1745161.0295637
2020-03-25T00:22:00.000Z,6659.00,6659.73,6657.13,6662.51,109.21875,727207.4566243
2020-03-25T00:23:00.000Z,6661.20,6671.51,6660.69,6673.29,310.76066,2071371.5230744
2020-03-25T00:24:00.000Z,6669.74,6664.67,6662.82,6670.63,319.83055,2131812.3727872
2020-03-25T00:25:00.000Z,6665.24,6661.81,6652.34,6665.24,229.42056,1527650.6794432
2020-03-25T00:26:00.000Z,6657.74,6660.77,6652.17,6664.27,115.31575,767196.10321
2020-03-25T00:27:00.000Z,6660.34,6669.86,6658.52,6673.56,15.54895,103656.5654337
2020-03-25T00:28:00.000Z,6666.04,6648.81,6644.79,6670.13,4.30809,28665.9790146
2020-03-25T00:29:00.000Z,6648.45,6654.32,6648.45,6660.23,2.15891,14366.7778133
2020-03-25T00:30:00.000Z,6645.27,6641.00,6641.00,6648.80,0.80011,5316.1283449
2020-03-25T00:31:00.000Z,6641.12,6649.30,6635.46,6653.36,4.17751,27762.6135005
2020-03-25T00:32:00.000Z,6645.86,6659.43,6643.69,6664.61,3.26421,21726.5366912
2020-03-25T00:33:00.000Z,6665.08,6660.39,6660.39,6668.97,0.7672,5112.0153925
2020-03-25T00:34:00.000Z,6663.92,6666.76,6663.92,6672.27,1.07139,7144.528649
2020-03-25T00:35:00.000Z,6670.14,6670.14,6660.66,6670.14,2.39434,15962.4290305
2020-03-25T00:36:00.000Z,6670.96,6676.05,6670.12,6679.99,1.81005,12082.8145981
2020-03-25T00:37:00.000Z,6675.33,6677.68,6663.56,6677.97,1.26185,8420.1720168
2020-03-25T00:38:00.000Z,6678.26,6661.04,6657.92,6678.26,1.97289,13157.3301088
2020-03-25T00:39:00.000Z,6659.71,6643.29,6643.29,6659.71,1.52031,10110.6324896
2020-03-25T00:40:00.000Z,6642.77,6661.16,6642.37,6662.47,7.77254,51718.2844736
2020-03-25T00:41:00.000Z,6665.72,6668.19,6660.28,6669.12,1.49615,9971.1724476
2020-03-25T00:42:00.000Z,6668.51,6671.74,6664.75,6673.09,1.4144,9430.0273063
2020-03-25T00:43:00.000Z,6670.49,6683.39,6670.36,6683.39,2.22059,14834.1081602
2020-03-25T00:44:00.000Z,6682.71,6687.37,6671.70,6687.37,4.28248,28609.5777602
2020-03-25T00:45:00.000Z,6688.59,6692.77,6687.87,6701.31,3.218,21547.8375914
2020-03-25T00:46:00.000Z,6691.64,6699.33,6691.64,6704.09,2.67153,17894.780667
2020-03-25T00:47:00.000Z,6701.56,6703.87,6698.02,6709.95,1.61332,10814.4795581
2020-03-25T00:48:00.000Z,6710.55,6707.33,6707.33,6723.82,7.05049,47350.5993229
2020-03-25T00:49:00.000Z,6712.18,6698.98,6698.36,6712.18,57.08217,382569.0890209
2020-03-25T00:50:00.000Z,6699.02,6692.75,6689.81,6699.02,317.41649,2124725.728431
2020-03-25T00:51:00.000Z,6690.99,6692.89,6690.89,6704.02,143.22332,959493.1326836
2020-03-25T00:52:00.000Z,6692.04,6701.96,6691.58,6708.26,95.87026,642426.8883866
2020-03-25T00:53:00.000Z,6700.30,6691.98,6689.39,6700.74,219.99627,1473144.7931663
2020-03-25T00:54:00.000Z,6691.90,6697.64,6691.90,6701.63,137.29868,918916.1754734
2020-03-25T00:55:00.000Z,6695.24,6698.24,6689.39,6698.24,28.6126,191563.0655314
2020-03-25T00:56:00.000Z,6700.96,6698.62,6697.21,6706.85,9.34498,62643.5564756
2020-03-25T00:57:00.000Z,6697.28,6691.88,6691.88,6699.12,43.29545,289869.1489322
2020-03-25T00:58:00.000Z,6690.63,6695.05,6689.96,6699.45,94.7756,634707.9513471
2020-03-25T00:59:00.000Z,6698.86,6702.31,6693.50,6702.69,67.76129,453923.5073518
2020-03-25T01:00:00.000Z,6705.23,6700.55,6700.51,6708.11,10.45779,70094.9529242
2020-03-25T01:01:00.000Z,6702.03,6700.86,6698.74,6705.36,383.87103,2573430.5806263
2020-03-25T01:02:00.000Z,6701.14,6704.50,6699.45,6704.50,108.00197,723812.7201945
2020-03-25T01:03:00.000Z,6708.64,6712.24,6706.66,6715.51,2.16928,14563.1063863
2020-03-25T01:04:00.000Z,6715.36,6714.50,6709.15,6719.75,0.92492,6211.0907329
2020-03-25T01:05:00.000Z,6711.62,6709.67,6708.88,6719.14,12.38649,83158.5660574
2020-03-25T01:06:00.000Z,6709.21,6701.02,6698.58,6712.47,12.60591,84511.1784614
2020-03-25T01:07:00.000Z,6700.73,6708.92,6696.94,6715.16,6.73441,45160.4552964
2020-03-25T01:08:00.000Z,6708.36,6709.95,6704.24,6711.40,3.00226,20138.8608435
2020-03-25T01:09:00.000Z,6709.16,6696.39,6695.98,6709.16,8.42916,56476.486015
2020-03-25T01:10:00.000Z,6696.00,6678.74,6678.74,6696.00,2.65701,17764.5389024
2020-03-25T01:11:00.000Z,6677.41,6677.23,6671.03,6680.54,2.80816,18747.2507139
2020-03-25T01:12:00.000Z,6671.81,6666.90,6666.90,6679.03,1.82907,12203.8537075
2020-03-25T01:13:00.000Z,6665.00,6672.30,6661.90,6672.30,4.52409,30174.7478397
2020-03-25T01:14:00.000Z,6673.50,6672.49,6667.57,6676.13,3.65792,24406.7766943
2020-03-25T01:15:00.000Z,6671.54,6688.39,6671.42,6688.39,4.69844,31382.4583978
2020-03-25T01:16:00.000Z,6687.31,6683.23,6683.23,6693.62,0.50714,3392.0247096
2020-03-25T01:17:00.000Z,6682.11,6673.27,6670.71,6682.11,1.17281,7827.3973862
2020-03-25T01:18:00.000Z,6668.30,6667.76,6664.30,6674.44,1.53822,10259.6029236
2020-03-25T01:19:00.000Z,6668.92,6672.30,6660.78,6672.77,4.42811,29532.6782391
2020-03-25T01:20:00.000Z,6673.71,6673.99,6672.97,6675.11,0.72999,4871.7367081
2020-03-25T01:21:00.000Z,6680.86,6682.42,6673.08,6684.10,1.14938,7673.5865511
2020-03-25T01:22:00.000Z,6681.00,6685.23,6674.61,6685.23,4.01614,26827.9515818
2020-03-25T01:23:00.000Z,6683.74,6678.53,6677.31,6683.74,40.31757,269272.0319859
2020-03-25T01:24:00.000Z,6679.48,6674.83,6673.40,6683.56,33.82381,225775.1685893
2020-03-25T01:25:00.000Z,6674.43,6686.19,6674.05,6686.21,164.53975,1099777.4004849
2020-03-25T01:26:00.000Z,6680.48,6685.23,6679.79,6688.63,264.85754,1769866.6698983
2020-03-25T01:27:00.000Z,6684.47,6664.03,6663.43,6684.67,81.72624,545721.9479827
2020-03-25T01:28:00.000Z,6663.59,6668.68,6663.59,6672.11,64.80047,431972.9318743
2020-03-25T01:29:00.000Z,6663.65,6654.08,6646.95,6666.55,28.95337,192874.3318116
2020-03-25T01:30:00.000Z,6651.35,6645.53,6645.53,6656.84,2.62817,17479.5453802
2020-03-25T01:31:00.000Z,6645.30,6647.69,6643.91,6654.14,2.52683,16801.6247511
2020-03-25T01:32:00.000Z,6649.63,6653.73,6643.23,6653.73,105.72702,703137.391987
2020-03-25T01:33:00.000Z,6653.08,6654.00,6653.08,6660.46,5.36421,35705.3117731
2020-03-25T01:34:00.000Z,6653.16,6659.61,6650.66,6662.95,85.45286,568492.1100017
2020-03-25T01:35:00.000Z,6659.63,6662.23,6659.63,6672.22,92.44229,616361.882987
2020-03-25T01:36:00.000Z,6661.73,6664.90,6659.09,6668.17,178.77641,1190917.3011665
2020-03-25T01:37:00.000Z,6667.70,6662.73,6662.73,6674.45,9.65454,64384.4945695
2020-03-25T01:38:00.000Z,6659.60,6655.67,6655.20,6660.37,12.32174,82028.4468993
2020-03-25T01:39:00.000Z,6656.36,6659.73,6648.31,6660.28,3.8084,25347.5868786
2020-03-25T01:40:00.000Z,6659.49,6664.38,6659.49,6671.06,237.83886,1585098.0868023
2020-03-25T01:41:00.000Z,6666.13,6669.93,6664.02,6672.27,216.83174,1445486.9122752
2020-03-25T01:42:00.000Z,6671.89,6661.00,6661.00,6671.89,113.58679,756919.7112854
2020-03-25T01:43:00.000Z,6659.04,6651.62,6651.12,6660.83,8.61648,57343.7952077
2020-03-25T01:44:00.000Z,6652.05,6658.64,6652.05,6663.11,113.95609,758091.0085127
2020-03-25T01:45:00.000Z,6654.20,6654.47,6652.30,6656.41,42.33276,281740.2470457
2020-03-25T01:46:00.000Z,6655.54,6662.62,6649.75,6664.95,33.15711,220644.1369363
2020-03-25T01:47:00.000Z,6664.47,6677.00,6664.47,6678.55,58.68287,391802.7505586
2020-03-25T01:48:00.000Z,6673.20,6678.43,6670.00,6678.56,2.69655,17995.2677039
2020-03-25T01:49:00.000Z,6675.44,6679.13,6667.82,6679.13,1.5052,10040.1355649
2020-03-25T01:50:00.000Z,6679.96,6668.21,6668.21,6682.52,41.77628,279059.6074316
2020-03-25T01:51:00.000Z,6670.18,6676.17,6668.23,6680.24,36.11364,240989.702729
2020-03-25T01:52:00.000Z,6675.12,6665.69,6665.56,6681.66,44.7415,298558.402083
2020-03-25T01:53:00.000Z,6668.50,6662.15,6657.21,6668.50,274.75921,1830829.5562562
2020-03-25T01:54:00.000Z,6657.35,6657.29,6651.16,6658.71,47.71776,317403.3804249
2020-03-25T01:55:00.000Z,6657.24,6624.47,6623.29,6657.24,11.23226,74546.985979
2020-03-25T01:56:00.000Z,6622.34,6632.28,6622.34,6638.82,3.23794,21472.2084479
2020-03-25T01:57:00.000Z,6629.34,6601.16,6593.12,6629.38,25.58736,169071.3800174
2020-03-25T01:58:00.000Z,6602.21,6623.19,6600.56,6623.20,11.7073,77399.0164247
2020-03-25T01:59:00.000Z,6622.01,6602.87,6600.16,6622.01,3.6614,24190.3852162
2020-03-25T02:00:00.000Z,6609.06,6621.75,6603.01,6621.75,64.61843,427075.8745555
2020-03-25T02:01:00.000Z,6623.94,6625.20,6613.60,6627.55,103.99335,687999.1886391
2020-03-25T02:02:00.000Z,6625.23,6623.25,6611.34,6625.23,300.04406,1984057.6671987
2020-03-25T02:03:00.000Z,6625.85,6630.12,6620.92,6630.12,275.35232,1824164.5746034
2020-03-25T02:04:00.000Z,6630.95,6625.26,6620.00,6631.88,63.92981,423710.4883464
2020-03-25T02:05:00.000Z,6624.82,6623.39,6614.91,6624.82,186.80294,1236978.0909614
2020-03-25T02:06:00.000Z,6620.81,6623.16,6620.81,6628.22,13.15543,87131.2563591
2020-03-25T02:07:00.000Z,6623.99,6613.65,6613.65,6624.77,82.31637,545277.9130894
2020-03-25T02:08:00.000Z,6611.76,6616.06,6609.37,6621.72,25.58467,169274.3744832
2020-03-25T02:09:00.000Z,6615.86,6631.78,6614.59,6632.23,7.97862,52859.4823921
2020-03-25T02:10:00.000Z,6630.84,6638.79,6630.69,6644.63,99.57293,660387.9175297
2020-03-25T02:11:00.000Z,6645.56,6636.22,6636.22,6647.40,3.92776,26089.109524
2020-03-25T02:12:00.000Z,6634.69,6631.89,6628.42,6637.63,88.89413,589841.817124
2020-03-25T02:13:00.000Z,6638.43,6643.79,6631.84,6644.45,58.80268,390617.4435582
2020-03-25T02:14:00.000Z,6646.13,6639.97,6636.78,6653.52,173.56309,1152040.3322821
2020-03-25T02:15:00.000Z,6640.17,6645.19,6637.82,6645.19,58.39132,387808.6669508
2020-03-25T02:16:00.000Z,6643.93,6646.16,6643.93,6646.16,0.0648,430.611838
2020-03-25T02:17:00.000Z,6644.58,6640.13,6633.47,6644.58,2.57903,17122.5827985
2020-03-25T02:18:00.000Z,6634.41,6646.28,6634.41,6648.18,2.25503,14976.6019798
2020-03-25T02:19:00.000Z,6644.95,6648.37,6640.80,6648.80,1.23973,8236.5894586
2020-03-25T02:20:00.000Z,6649.55,6645.04,6638.38,6653.17,1.98495,13184.9846581
2020-03-25T02:21:00.000Z,6639.28,6632.58,6632.58,6639.28,0.61706,4093.1992368
2020-03-25T02:22:00.000Z,6638.52,6642.13,6636.88,6643.22,1.04506,6939.5508496
2020-03-25T02:23:00.000Z,6632.23,6625.66,6625.06,6632.23,1.45624,9654.0487772
2020-03-25T02:24:00.000Z,6624.10,6619.55,6619.36,6624.61,1.4,9272.4987396
2020-03-25T02:25:00.000Z,6624.92,6633.00,6624.92,6633.31,4.24373,28140.642511
2020-03-25T02:26:00.000Z,6635.15,6639.02,6635.15,6643.43,4.37637,29056.30738
2020-03-25T02:27:00.000Z,6639.81,6633.03,6631.16,6641.40,2.06788,13719.3499143
2020-03-25T02:28:00.000Z,6633.03,6632.13,6628.25,6633.36,0.199,1319.1876244
2020-03-25T02:29:00.000Z,6634.38,6627.30,6626.42,6634.38,0.96166,6373.7038566
2020-03-25T02:30:00.000Z,6627.74,6619.81,6618.33,6627.74,1.71608,11361.7401137
2020-03-25T02:31:00.000Z,6617.51,6606.11,6606.11,6618.96,3.47549,22978.6944697
2020-03-25T02:32:00.000Z,6606.40,6612.85,6601.39,6614.56,4.39293,29043.4581419
2020-03-25T02:33:00.000Z,6609.39,6602.22,6602.22,6609.39,2.94725,19463.7807209
2020-03-25T02:34:00.000Z,6602.70,6592.36,6588.61,6605.99,13.99158,92260.2184091
2020-03-25T02:35:00.000Z,6595.07,6596.34,6594.08,6606.55,8.84473,58354.0682281
2020-03-25T02:36:00.000Z,6598.89,6581.30,6571.43,6598.89,12.95157,85206.0989629
2020-03-25T02:37:00.000Z,6582.06,6564.76,6555.45,6582.07,11.07801,72726.9893773
2020-03-25T02:38:00.000Z,6564.55,6570.93,6554.72,6572.07,4.31165,28294.126668
2020-03-25T02:39:00.000Z,6568.25,6565.39,6559.48,6576.14,5.29919,34807.9558199
2020-03-25T02:40:00.000Z,6569.69,6581.62,6565.46,6584.59,14.28927,93945.0029494
2020-03-25T02:41:00.000Z,6582.05,6581.11,6570.34,6582.05,2.57809,16956.3974754
2020-03-25T02:42:00.000Z,6583.95,6580.47,6575.08,6583.95,76.70874,504846.697702
2020-03-25T02:43:00.000Z,6578.75,6576.77,6566.50,6580.31,9.33592,61342.9891055
2020-03-25T02:44:00.000Z,6580.06,6569.97,6559.07,6580.06,114.37401,751855.1284657
2020-03-25T02:45:00.000Z,6569.52,6553.73,6552.62,6571.49,2.20276,14454.808071
2020-03-25T02:46:00.000Z,6553.64,6544.56,6535.92,6553.64,90.32248,591793.5792788
2020-03-25T02:47:00.000Z,6544.63,6556.53,6535.00,6558.49,132.67529,869587.1626952
2020-03-25T02:48:00.000Z,6556.39,6559.62,6552.72,6570.25,14.09513,92460.3027031
2020-03-25T02:49:00.000Z,6559.19,6556.82,6548.51,6562.27,39.43506,258624.8578834
2020-03-25T02:50:00.000Z,6557.57,6566.60,6557.57,6567.83,38.0713,249982.3979621
2020-03-25T02:51:00.000Z,6564.69,6569.29,6546.39,6569.29,56.20236,368724.6448271
2020-03-25T02:52:00.000Z,6568.74,6564.10,6559.29,6568.74,79.68069,523107.2359731
2020-03-25T02:53:00.000Z,6559.59,6573.92,6559.59,6574.51,181.22648,1190768.8425558
2020-03-25T02:54:00.000Z,6573.99,6571.74,6570.25,6582.22,219.57703,1443835.2092881
2020-03-25T02:55:00.000Z,6568.38,6577.17,6566.14,6583.59,116.26226,763650.6066269
2020-03-25T02:56:00.000Z,6572.10,6582.08,6572.10,6583.85,23.74891,156331.1528275
2020-03-25T02:57:00.000Z,6574.33,6587.30,6574.33,6587.30,212.23943,1396005.8094844
2020-03-25T02:58:00.000Z,6586.30,6588.32,6585.57,6602.80,6.47406,42664.6443732
2020-03-25T02:59:00.000Z,6592.22,6596.25,6589.06,6599.05,40.26643,265581.1886499
2020-03-25T03:00:00.000Z,6589.07,6581.79,6581.09,6589.07,30.36688,199862.3517794
2020-03-25T03:01:00.000Z,6575.77,6571.40,6567.20,6575.77,16.34079,107432.7717584
2020-03-25T03:02:00.000Z,6570.87,6575.93,6566.00,6584.14,93.84899,617334.7475062
2020-03-25T03:03:00.000Z,6576.15,6573.48,6559.63,6577.83,193.39685,1270205.6006262
2020-03-25T03:04:00.000Z,6570.65,6559.86,6555.58,6573.78,113.57642,746352.3470963
2020-03-25T03:05:00.000Z,6559.90,6567.05,6557.07,6573.25,15.23493,100086.5839717
2020-03-25T03:06:00.000Z,6567.96,6573.51,6564.69,6577.16,174.98318,1150104.8185055
2020-03-25T03:07:00.000Z,6574.52,6582.09,6574.27,6583.14,81.95228,538991.8450758
2020-03-25T03:08:00.000Z,6581.28,6591.17,6580.35,6592.04,4.96675,32716.2493354
2020-03-25T03:09:00.000Z,6590.19,6596.01,6578.80,6598.65,11.68603,76957.9848701
2020-03-25T03:10:00.000Z,6595.43,6595.35,6591.45,6597.71,12.43595,82016.8637749
2020-03-25T03:11:00.000Z,6594.71,6586.69,6586.69,6601.02,22.32375,147174.0204668
2020-03-25T03:12:00.000Z,6587.48,6595.88,6587.48,6597.91,28.61841,188778.4437547
2020-03-25T03:13:00.000Z,6595.66,6602.25,6595.66,6614.78,18.40074,121561.8487591
2020-03-25T03:14:00.000Z,6600.99,6601.54,6597.95,6611.51,77.42577,511726.4301725
2020-03-25T03:15:00.000Z,6600.95,6600.91,6594.45,6604.11,126.76053,836271.7056281
2020-03-25T03:16:00.000Z,6602.43,6599.48,6599.48,6608.66,14.5468,96029.9486943
2020-03-25T03:17:00.000Z,6597.67,6603.54,6594.96,6603.54,136.5117,900604.3507423
2020-03-25T03:18:00.000Z,6602.72,6596.61,6595.80,6604.08,20.88585,137862.537332
2020-03-25T03:19:00.000Z,6596.10,6589.80,6589.50,6596.72,34.49137,227458.858279
2020-03-25T03:20:00.000Z,6591.99,6593.28,6589.07,6597.16,10.84771,71507.9032783
2020-03-25T03:21:00.000Z,6593.77,6595.01,6591.19,6596.30,12.92437,85190.2993679
2020-03-25T03:22:00.000Z,6594.79,6577.01,6577.00,6595.09,17.52333,115464.7412
2020-03-25T03:23:00.000Z,6577.01,6579.53,6577.01,6585.39,72.64334,478023.7558998
2020-03-25T03:24:00.000Z,6579.34,6587.40,6578.83,6587.40,11.65853,76708.8053253
2020-03-25T03:25:00.000Z,6587.37,6577.00,6577.00,6587.37,302.67064,1992177.776824
2020-03-25T03:26:00.000Z,6578.51,6572.93,6572.45,6579.24,14.6876,96617.5423044
2020-03-25T03:27:00.000Z,6576.49,6582.52,6576.49,6585.66,31.90838,210078.5969101
2020-03-25T03:28:00.000Z,6580.76,6580.41,6579.65,6580.76,63.18622,415745.2855874
2020-03-25T03:29:00.000Z,6584.33,6589.20,6584.00,6592.53,111.2437,732575.7319751
2020-03-25T03:30:00.000Z,6588.18,6592.78,6585.68,6592.78,52.02999,342806.9819052
2020-03-25T03:31:00.000Z,6594.22,6590.02,6588.98,6594.22,47.71311,314475.4129838
2020-03-25T03:32:00.000Z,6591.60,6582.71,6582.71,6593.88,74.62149,491506.4188964
2020-03-25T03:33:00.000Z,6579.53,6576.76,6576.74,6583.22,179.24914,1179502.2809458
2020-03-25T03:34:00.000Z,6576.75,6580.84,6571.04,6581.48,98.81012,649873.760881
2020-03-25T03:35:00.000Z,6578.19,6583.10,6578.19,6585.46,5.49951,36204.6720849
2020-03-25T03:36:00.000Z,6583.50,6564.71,6564.71,6586.46,12.00426,79006.8637895
2020-03-25T03:37:00.000Z,6565.50,6568.73,6562.24,6571.06,12.42103,81577.2586387
2020-03-25T03:38:00.000Z,6569.86,6571.81,6564.36,6579.80,18.04186,118610.6861447
2020-03-25T03:39:00.000Z,6568.50,6566.06,6565.26,6573.60,24.46464,160733.2926918
2020-03-25T03:40:00.000Z,6565.33,6549.68,6549.68,6565.33,4.53997,29768.8716915
2020-03-25T03:41:00.000Z,6550.32,6556.39,6546.93,6557.85,27.27068,178631.3416381
2020-03-25T03:42:00.000Z,6555.01,6560.62,6549.04,6561.43,5.676,37197.0359264
2020-03-25T03:43:00.000Z,6561.46,6554.12,6554.12,6569.04,2.09643,13759.8680207
2020-03-25T03:44:00.000Z,6556.74,6548.73,6548.73,6556.74,1.24702,8172.3409341
2020-03-25T03:45:00.000Z,6549.49,6554.13,6549.13,6558.79,97.50508,638704.7997421
2020-03-25T03:46:00.000Z,6550.10,6542.66,6540.00,6554.70,4.34266,28423.5686889
2020-03-25T03:47:00.000Z,6541.17,6526.62,6522.16,6541.17,8.90023,58101.6118245
2020-03-25T03:48:00.000Z,6527.80,6542.05,6527.80,6542.05,18.29194,119600.161613
2020-03-25T03:49:00.000Z,6541.08,6539.99,6530.59,6541.54,35.48897,231883.6190269
2020-03-25T03:50:00.000Z,6539.92,6537.55,6537.55,6546.67,162.92849,1066173.6286335
2020-03-25T03:51:00.000Z,6535.94,6549.16,6534.98,6549.16,178.46958,1167539.3125049
2020-03-25T03:52:00.000Z,6548.14,6549.28,6548.01,6553.36,206.65144,1353442.8040995
2020-03-25T03:53:00.000Z,6554.04,6564.65,6553.98,6572.94,4.75739,31203.5239832
2020-03-25T03:54:00.000Z,6566.35,6570.96,6561.12,6571.97,2.49555,16385.9204326
2020-03-25T03:55:00.000Z,6565.97,6569.94,6564.74,6576.05,3.18634,20938.9060721
2020-03-25T03:56:00.000Z,6570.49,6576.79,6568.36,6578.45,1.04551,6876.7698333
2020-03-25T03:57:00.000Z,6575.37,6575.39,6568.68,6580.00,7.28509,47880.4722873
2020-03-25T03:58:00.000Z,6573.07,6568.99,6568.99,6574.32,3.21256,21113.1157053
2020-03-25T03:59:00.000Z,6569.29,6558.31,6550.32,6569.29,4.47963,29383.1201233
2020-03-25T04:00:00.000Z,6556.77,6546.70,6534.81,6556.77,5.49405,35936.3223017
2020-03-25T04:01:00.000Z,6548.15,6542.01,6540.87,6552.67,15.14972,99227.7620833
2020-03-25T04:02:00.000Z,6540.60,6553.93,6539.18,6554.51,24.5526,160634.696685
2020-03-25T04:03:00.000Z,6545.88,6541.29,6540.49,6545.88,13.16905,86198.5103469
2020-03-25T04:04:00.000Z,6545.34,6531.92,6530.32,6547.21,10.20372,66782.32972
2020-03-25T04:05:00.000Z,6532.74,6535.00,6528.90,6539.92,6.57428,42951.3349489
2020-03-25T04:06:00.000Z,6535.64,6552.55,6535.64,6553.12,270.45575,1769425.600109
2020-03-25T04:07:00.000Z,6551.85,6564.80,6551.85,6564.80,9.73419,63827.118007
2020-03-25T04:08:00.000Z,6567.41,6568.48,6561.19,6572.09,157.31185,1032397.0479524
2020-03-25T04:09:00.000Z,6570.24,6569.37,6561.59,6572.74,1.70704,11207.9815964
2020-03-25T04:10:00.000Z,6566.69,6582.83,6566.69,6587.35,2.76383,18191.8470608
2020-03-25T04:11:00.000Z,6585.14,6582.78,6573.43,6585.14,146.95965,966227.0288982
2020-03-25T04:12:00.000Z,6583.05,6578.39,6575.48,6583.05,76.70542,504745.1704219
2020-03-25T04:13:00.000Z,6585.49,6592.06,6585.49,6594.87,3.6274,23903.5978548
2020-03-25T04:14:00.000Z,6589.16,6598.94,6589.16,6598.94,1.55645,10261.3107488
2020-03-25T04:15:00.000Z,6595.79,6586.96,6586.29,6595.79,267.237,1761363.5931307
2020-03-25T04:16:00.000Z,6587.00,6590.85,6581.02,6590.85,8.35701,55001.9312971
2020-03-25T04:17:00.000Z,6590.46,6590.41,6583.97,6591.22,371.66773,2448699.114365
2020-03-25T04:18:00.000Z,6590.11,6598.55,6590.11,6598.55,23.86668,157330.9401406
2020-03-25T04:19:00.000Z,6599.68,6600.27,6597.08,6606.74,17.73054,117096.6967137
2020-03-25T04:20:00.000Z,6599.14,6607.87,6595.02,6610.00,14.9035,98388.7656607
2020-03-25T04:21:00.000Z,6610.63,6596.10,6596.10,6610.63,96.11054,634591.0577739
2020-03-25T04:22:00.000Z,6597.87,6606.24,6597.87,6610.89,62.11644,410406.0771318
2020-03-25T04:23:00.000Z,6608.61,6600.41,6597.13,6608.61,118.84059,784172.9218764
2020-03-25T04:24:00.000Z,6598.02,6607.50,6598.02,6607.50,129.3701,854007.2510923
2020-03-25T04:25:00.000Z,6601.89,6598.03,6592.47,6602.06,208.1978,1374291.1239803
2020-03-25T04:26:00.000Z,6593.91,6595.92,6589.62,6598.57,193.49318,1276084.8433629
2020-03-25T04:27:00.000Z,6598.08,6594.32,6594.08,6598.54,87.64955,578027.1613637
2020-03-25T04:28:00.000Z,6593.90,6604.11,6593.90,6604.11,122.37225,808040.6692332
2020-03-25T04:29:00.000Z,6606.13,6600.93,6599.53,6609.08,140.04928,924589.071555
2020-03-25T04:30:00.000Z,6602.04,6608.58,6600.19,6608.58,12.76192,84248.1586545
2020-03-25T04:31:00.000Z,6601.71,6609.52,6601.70,6611.25,18.8068,124196.676631
2020-03-25T04:32:00.000Z,6611.26,6601.82,6599.35,6612.30,2.3992,15850.1010452
2020-03-25T04:33:00.000Z,6606.38,6583.69,6583.69,6606.38,1.8522,12215.060871
2020-03-25T04:34:00.000Z,6582.73,6578.20,6574.52,6584.39,49.06864,322899.5673508
2020-03-25T04:35:00.000Z,6578.57,6576.48,6576.13,6585.53,27.06131,178025.4753524
2020-03-25T04:36:00.000Z,6583.93,6584.26,6583.93,6589.92,95.45803,628623.36282
2020-03-25T04:37:00.000Z,6588.72,6581.60,6579.11,6588.72,170.59638,1123440.7504577
2020-03-25T04:38:00.000Z,6584.81,6577.13,6575.45,6586.12,87.3486,575090.6330695
2020-03-25T04:39:00.000Z,6577.22,6580.96,6573.62,6583.14,8.49106,55849.3109983
2020-03-25T04:40:00.000Z,6581.17,6581.42,6580.88,6586.82,92.22382,606986.5399396
2020-03-25T04:41:00.000Z,6580.62,6575.93,6574.31,6581.26,1.73126,11385.8719226
2020-03-25T04:42:00.000Z,6574.37,6576.26,6571.06,6580.68,0.64482,4239.6563042
2020-03-25T04:43:00.000Z,6570.42,6577.18,6567.14,6577.18,1.50914,9916.677727
2020-03-25T04:44:00.000Z,6574.86,6584.09,6574.86,6590.59,2.73987,18037.5768226
2020-03-25T04:45:00.000Z,6581.42,6579.27,6579.27,6587.37,0.94418,6216.132948
2020-03-25T04:46:00.000Z,6581.69,6581.04,6581.04,6584.11,1.24943,8225.0576706
2020-03-25T04:47:00.000Z,6579.30,6582.62,6579.30,6586.61,2.97408,19584.1364661
2020-03-25T04:48:00.000Z,6583.21,6588.52,6582.39,6589.42,4.62975,30484.5772133
2020-03-25T04:49:00.000Z,6589.82,6598.36,6589.46,6600.46,9.10026,60045.3038525
2020-03-25T04:50:00.000Z,6598.15,6596.52,6596.07,6599.71,20.63773,136160.399268
2020-03-25T04:51:00.000Z,6598.81,6598.86,6592.05,6599.15,108.96794,718907.3233913
2020-03-25T04:52:00.000Z,6598.54,6597.77,6593.58,6599.45,66.11303,436217.1538251
2020-03-25T04:53:00.000Z,6598.94,6603.35,6592.73,6604.99,124.13405,819398.1413756
2020-03-25T04:54:00.000Z,6605.00,6596.70,6596.70,6606.26,134.06547,885263.1503656
2020-03-25T04:55:00.000Z,6596.55,6593.82,6592.11,6596.62,179.34227,1182741.0411736
2020-03-25T04:56:00.000Z,6590.79,6586.17,6580.66,6590.79,36.07147,237705.5293712
2020-03-25T04:57:00.000Z,6585.69,6586.00,6580.45,6586.00,0.61898,4076.3252556
2020-03-25T04:58:00.000Z,6586.44,6600.71,6586.44,6604.58,3.14281,20729.4144968
2020-03-25T04:59:00.000Z,6599.67,6619.34,6598.57,6621.99,10.73731,70983.3005858
2020-03-25T05:00:00.000Z,6617.60,6623.27,6615.64,6633.48,3.22986,21402.3835268
2020-03-25T05:01:00.000Z,6620.23,6619.35,6614.28,6626.50,5.50715,36449.3506958
2020-03-25T05:02:00.000Z,6622.11,6626.64,6616.09,6629.28,96.51024,639700.6103538
2020-03-25T05:03:00.000Z,6628.74,6631.19,6628.74,6638.73,8.1226,53888.1128253
2020-03-25T05:04:00.000Z,6632.60,6656.42,6632.60,6664.93,29.27793,194530.4354292
2020-03-25T05:05:00.000Z,6656.41,6653.18,6649.52,6665.65,95.3361,634695.1754941
2020-03-25T05:06:00.000Z,6652.37,6657.51,6643.32,6664.53,1.76484,11749.2779526
2020-03-25T05:07:00.000Z,6660.72,6670.15,6656.51,6679.34,31.37393,209188.7841324
2020-03-25T05:08:00.000Z,6667.57,6668.52,6651.28,6668.52,16.56326,110253.5139422
2020-03-25T05:09:00.000Z,6668.06,6671.63,6657.60,6672.17,112.79417,751966.9497082
2020-03-25T05:10:00.000Z,6671.89,6673.90,6671.89,6686.55,130.01534,867991.1308615
2020-03-25T05:11:00.000Z,6673.12,6676.75,6673.12,6690.62,9.86712,65962.7629041
2020-03-25T05:12:00.000Z,6676.53,6678.28,6667.51,6681.12,64.56152,430842.588125
2020-03-25T05:13:00.000Z,6679.29,6681.31,6672.09,6697.36,7.5667,50595.8916667
2020-03-25T05:14:00.000Z,6684.77,6685.12,6683.54,6697.37,112.17894,749921.5855098
2020-03-25T05:15:00.000Z,6691.91,6696.27,6691.91,6704.08,60.62242,406280.4001534
2020-03-25T05:16:00.000Z,6690.81,6670.00,6670.00,6690.81,6.55556,43803.3815848
2020-03-25T05:17:00.000Z,6666.25,6676.47,6666.23,6677.56,120.22392,802097.2624021
2020-03-25T05:18:00.000Z,6676.15,6675.98,6665.63,6677.37,54.10482,360899.6801029
2020-03-25T05:19:00.000Z,6675.31,6660.59,6658.41,6675.46,228.949,1526033.7583569
2020-03-25T05:20:00.000Z,6659.49,6673.53,6659.49,6673.53,143.08119,954330.2151109
2020-03-25T05:21:00.000Z,6675.45,6666.63,6666.05,6676.92,158.12955,1054264.4076715
2020-03-25T05:22:00.000Z,6677.20,6668.19,6668.19,6683.10,191.07615,1276459.0840999
2020-03-25T05:23:00.000Z,6668.89,6676.17,6668.89,6676.17,184.7032,1232145.530546
2020-03-25T05:24:00.000Z,6670.85,6665.05,6663.59,6671.25,68.43348,456295.4897777
2020-03-25T05:25:00.000Z,6662.54,6663.33,6656.15,6669.75,29.39876,195880.7188815
2020-03-25T05:26:00.000Z,6664.52,6673.72,6659.40,6674.31,11.25844,75006.1133202
2020-03-25T05:27:00.000Z,6674.83,6676.84,6674.83,6680.62,6.76669,45199.000529
2020-03-25T05:28:00.000Z,6676.01,6675.54,6674.25,6679.50,5.29419,35342.1986318
2020-03-25T05:29:00.000Z,6675.47,6668.53,6664.58,6679.58,0.9881,6589.6220994
2020-03-25T05:30:00.000Z,6665.91,6669.49,6659.29,6669.49,2.76591,18430.2889522
2020-03-25T05:31:00.000Z,6668.74,6659.48,6657.95,6669.89,1.73725,11578.2058662
2020-03-25T05:32:00.000Z,6659.38,6647.42,6642.89,6660.05,1.94043,12906.0953402
2020-03-25T05:33:00.000Z,6642.81,6653.88,6642.81,6653.91,3.26546,21712.3316164
2020-03-25T05:34:00.000Z,6647.74,6662.36,6647.74,6662.36,4.17141,27770.4522209
2020-03-25T05:35:00.000Z,6662.01,6653.67,6652.01,6663.32,1.73442,11539.7114972
2020-03-25T05:36:00.000Z,6654.84,6642.96,6641.44,6654.84,2.80565,18651.4370089
2020-03-25T05:37:00.000Z,6647.68,6650.87,6644.79,6652.77,1.44836,9629.4975406
2020-03-25T05:38:00.000Z,6653.19,6652.07,6644.13,6659.64,6.49608,43206.3767319
2020-03-25T05:39:00.000Z,6650.71,6654.94,6649.28,6656.21,0.82573,5494.8135003
2020-03-25T05:40:00.000Z,6650.85,6653.67,6648.24,6655.81,0.10095,671.4658062
2020-03-25T05:41:00.000Z,6652.75,6655.92,6650.12,6660.00,0.96285,6407.7191289
2020-03-25T05:42:00.000Z,6661.93,6672.87,6661.93,6672.87,2.0007,13344.8477053
2020-03-25T05:43:00.000Z,6670.66,6664.81,6664.49,6671.82,7.08563,47240.6132321
2020-03-25T05:44:00.000Z,6666.17,6669.10,6665.70,6672.04,8.35554,55705.8529476
2020-03-25T05:45:00.000Z,6666.50,6668.02,6666.50,6677.95,26.58829,177312.7953538
2020-03-25T05:46:00.000Z,6668.50,6664.21,6662.39,6668.94,40.40043,269290.370435
2020-03-25T05:47:00.000Z,6663.77,6668.87,6660.92,6668.88,116.91576,779392.2457283
2020-03-25T05:48:00.000Z,6666.72,6674.24,6665.00,6674.24,171.42097,1143039.9897493
2020-03-25T05:49:00.000Z,6671.53,6675.35,6665.94,6675.35,220.48065,1470928.9162671
2020-03-25T05:50:00.000Z,6673.06,6680.78,6673.06,6687.93,17.45863,116620.2243483
2020-03-25T05:51:00.000Z,6683.36,6681.11,6673.96,6687.59,5.23569,34976.7389887
2020-03-25T05:52:00.000Z,6681.03,6683.50,6679.08,6688.92,116.9831,781576.732878
2020-03-25T05:53:00.000Z,6683.38,6681.82,6676.22,6686.75,88.5966,592162.1548828
2020-03-25T05:54:00.000Z,6683.00,6678.69,6676.69,6684.26,11.16544,74572.1291595
2020-03-25T05:55:00.000Z,6681.18,6684.75,6679.18,6686.24,23.62712,157918.3003452
2020-03-25T05:56:00.000Z,6683.16,6704.63,6683.14,6708.93,4.61972,30925.2868331
2020-03-25T05:57:00.000Z,6704.39,6714.63,6692.46,6714.63,10.03289,67240.8415419
2020-03-25T05:58:00.000Z,6711.77,6703.34,6702.28,6711.77,61.38074,411451.7612173
2020-03-25T05:59:00.000Z,6700.56,6706.56,6696.25,6706.56,98.01012,656644.827151
2020-03-25T06:00:00.000Z,6706.81,6719.96,6705.22,6719.98,118.77656,797724.2510416
2020-03-25T06:01:00.000Z,6720.00,6700.12,6700.12,6722.55,3.94987,26506.1610688
2020-03-25T06:02:00.000Z,6706.36,6688.26,6687.64,6706.36,23.49225,157350.2568018
2020-03-25T06:03:00.000Z,6683.93,6685.14,6683.93,6690.05,100.17755,670162.5136384
2020-03-25T06:04:00.000Z,6687.00,6680.30,6679.77,6697.47,30.29197,202650.677671
2020-03-25T06:05:00.000Z,6683.62,6694.70,6682.49,6694.70,167.43636,1119976.6736246
2020-03-25T06:06:00.000Z,6696.95,6696.28,6686.26,6698.10,14.06749,94186.3708832
2020-03-25T06:07:00.000Z,6693.87,6689.50,6688.86,6695.95,62.65714,419154.4475935
2020-03-25T06:08:00.000Z,6685.25,6683.42,6678.30,6687.09,2.41058,16113.036619
2020-03-25T06:09:00.000Z,6683.21,6691.71,6682.60,6693.68,59.89105,400261.609956
2020-03-25T06:10:00.000Z,6689.01,6690.73,6684.82,6692.77,108.3757,724647.8543661
2020-03-25T06:11:00.000Z,6689.57,6681.53,6676.31,6690.36,34.73828,232157.2027405
2020-03-25T06:12:00.000Z,6678.55,6675.10,6672.07,6679.17,108.10263,721691.4043481
2020-03-25T06:13:00.000Z,6676.88,6673.82,6672.49,6676.88,8.07455,53903.2737333
2020-03-25T06:14:00.000Z,6672.49,6677.60,6672.49,6684.23,140.48835,938000.9902699
2020-03-25T06:15:00.000Z,6679.01,6685.95,6678.50,6685.95,10.70777,71532.257754
2020-03-25T06:16:00.000Z,6683.71,6682.29,6676.84,6685.92,33.44388,223527.7153055
2020-03-25T06:17:00.000Z,6681.14,6684.39,6681.14,6689.14,4.12539,27576.9242481
2020-03-25T06:18:00.000Z,6684.56,6673.00,6673.00,6684.56,4.7795,31910.757584
2020-03-25T06:19:00.000Z,6674.29,6665.79,6664.31,6675.57,4.63531,30905.0454122
2020-03-25T06:20:00.000Z,6671.74,6672.24,6669.61,6676.07,2.90496,19389.4691726
2020-03-25T06:21:00.000Z,6670.19,6675.43,6670.19,6675.43,0.65621,4377.5334228
2020-03-25T06:22:00.000Z,6667.81,6673.32,6667.81,6673.32,3.08199,20552.7746735
2020-03-25T06:23:00.000Z,6670.99,6661.68,6660.78,6670.99,0.09969,664.1724015
2020-03-25T06:24:00.000Z,6666.75,6668.97,6666.09,6674.78,4.79974,32027.5282036
2020-03-25T06:25:00.000Z,6667.98,6667.31,6667.02,6673.04,2.18851,14597.928368
2020-03-25T06:26:00.000Z,6667.84,6665.48,6663.29,6671.02,0.70369,4692.0382007
2020-03-25T06:27:00.000Z,6663.30,6662.59,6659.26,6669.33,3.01574,20102.1233716
2020-03-25T06:28:00.000Z,6661.63,6660.08,6653.55,6661.63,3.64938,24295.9328173
2020-03-25T06:29:00.000Z,6661.12,6668.49,6661.12,6668.49,1.19619,7971.8596105
2020-03-25T06:30:00.000Z,6669.90,6663.69,6662.70,6671.22,4.32051,28809.6416
2020-03-25T06:31:00.000Z,6663.27,6658.16,6655.80,6663.27,4.36525,29069.7078755
2020-03-25T06:32:00.000Z,6661.31,6665.54,6661.18,6665.78,1.93806,12915.7909869
2020-03-25T06:33:00.000Z,6666.22,6668.68,6660.63,6668.68,2.38398,15895.644831
2020-03-25T06:34:00.000Z,6670.04,6677.65,6670.04,6681.34,2.33504,15591.0389391
2020-03-25T06:35:00.000Z,6677.51,6676.51,6674.65,6679.61,1.52088,10154.7704192
2020-03-25T06:36:00.000Z,6675.22,6672.75,6671.93,6676.00,5.03402,33601.0266186
2020-03-25T06:37:00.000Z,6679.24,6679.64,6677.90,6682.52,2.62104,17507.3610685
2020-03-25T06:38:00.000Z,6675.24,6670.40,6668.58,6678.38,17.4233,116288.5566531
2020-03-25T06:39:00.000Z,6669.34,6669.83,6665.86,6672.10,99.42364,663108.1032287
2020-03-25T06:40:00.000Z,6670.46,6676.63,6664.50,6676.63,95.01662,633560.5682119
2020-03-25T06:41:00.000Z,6679.38,6679.26,6673.41,6679.58,1.3347,8910.2601087
2020-03-25T06:42:00.000Z,6678.37,6671.99,6669.46,6678.37,142.11948,948363.9880271
2020-03-25T06:43:00.000Z,6670.93,6665.72,6665.72,6672.41,182.41969,1217057.8024582
2020-03-25T06:44:00.000Z,6668.93,6672.13,6667.80,6676.20,29.16448,194479.0676185
2020-03-25T06:45:00.000Z,6671.30,6663.85,6662.06,6671.30,3.87372,25817.7823717
2020-03-25T06:46:00.000Z,6663.02,6676.76,6661.92,6676.76,17.11539,114079.3833648
2020-03-25T06:47:00.000Z,6676.73,6688.45,6676.73,6689.02,3.91831,26189.9546174
2020-03-25T06:48:00.000Z,6691.23,6692.71,6684.62,6702.73,22.40477,149903.7700826
2020-03-25T06:49:00.000Z,6694.11,6685.60,6685.53,6694.11,18.83763,125998.2240428
2020-03-25T06:50:00.000Z,6685.59,6695.62,6683.84,6695.62,119.37587,798333.5375639
2020-03-25T06:51:00.000Z,6693.95,6689.95,6687.06,6695.38,193.23857,1293005.0637864
2020-03-25T06:52:00.000Z,6689.76,6698.90,6687.52,6706.61,45.34255,303317.6525485
2020-03-25T06:53:00.000Z,6700.66,6690.89,6690.89,6702.27,43.46495,290855.3189155
2020-03-25T06:54:00.000Z,6690.76,6700.84,6690.76,6703.14,2.41825,16198.9612312
2020-03-25T06:55:00.000Z,6693.44,6696.46,6691.46,6696.46,1.00136,6702.6978772
2020-03-25T06:56:00.000Z,6695.37,6685.05,6685.05,6695.37,30.93652,206833.8069542
2020-03-25T06:57:00.000Z,6685.68,6678.64,6678.25,6686.32,419.80592,2805752.8365535
2020-03-25T06:58:00.000Z,6675.64,6681.41,6675.11,6685.67,14.03126,93666.4851555
2020-03-25T06:59:00.000Z,6683.91,6692.65,6683.91,6693.48,15.39477,102969.096437
2020-03-25T07:00:00.000Z,6691.20,6691.10,6684.76,6692.40,212.4678,1421181.3873385
2020-03-25T07:01:00.000Z,6694.73,6695.86,6693.95,6697.21,254.86427,1706392.0752674
2020-03-25T07:02:00.000Z,6696.47,6688.84,6688.84,6697.86,137.19133,918435.0694688
2020-03-25T07:03:00.000Z,6686.88,6685.35,6685.00,6687.54,2.94602,19699.2789374
2020-03-25T07:04:00.000Z,6687.43,6687.91,6683.57,6690.36,111.37296,744722.2869486
2020-03-25T07:05:00.000Z,6682.66,6687.93,6680.19,6688.44,13.99297,93532.2001382
2020-03-25T07:06:00.000Z,6684.36,6677.30,6676.37,6684.36,7.32727,48967.2809625
2020-03-25T07:07:00.000Z,6677.65,6682.62,6674.85,6682.62,2.90375,19389.9453934
2020-03-25T07:08:00.000Z,6682.10,6678.98,6675.92,6682.11,58.53673,390963.063208
2020-03-25T07:09:00.000Z,6678.24,6684.30,6672.98,6687.66,2.73117,18251.4082596
2020-03-25T07:10:00.000Z,6684.24,6683.70,6679.41,6692.27,16.43141,109798.6742101
2020-03-25T07:11:00.000Z,6684.94,6684.46,6682.26,6684.94,0.27647,1848.0355587
2020-03-25T07:12:00.000Z,6686.79,6683.73,6680.45,6689.39,0.80672,5390.7038525
2020-03-25T07:13:00.000Z,6683.04,6678.98,6678.94,6684.54,1.02118,6823.3816755
2020-03-25T07:14:00.000Z,6680.46,6690.43,6680.46,6691.56,0.27739,1855.7457479
2020-03-25T07:15:00.000Z,6691.11,6692.08,6687.65,6692.70,1.59476,10670.3577905
2020-03-25T07:16:00.000Z,6690.82,6699.79,6690.82,6706.57,2.44168,16363.0404105
2020-03-25T07:17:00.000Z,6700.27,6698.01,6693.85,6704.36,1.87741,12577.4394205
2020-03-25T07:18:00.000Z,6697.70,6689.89,6688.57,6697.70,2.68374,17959.5335701
2020-03-25T07:19:00.000Z,6690.89,6690.66,6688.48,6691.65,0.29645,1982.9835942
2020-03-25T07:20:00.000Z,6691.16,6685.21,6682.52,6691.16,2.26259,15126.5422602
2020-03-25T07:21:00.000Z,6686.27,6667.95,6666.94,6686.40,6.16845,41183.329274
2020-03-25T07:22:00.000Z,6667.67,6667.33,6659.50,6668.38,4.0469,26970.4284392
2020-03-25T07:23:00.000Z,6666.34,6651.76,6641.53,6666.34,8.02048,53325.4494322
2020-03-25T07:24:00.000Z,6651.26,6649.05,6644.87,6655.30,5.25071,34923.8644989
2020-03-25T07:25:00.000Z,6652.20,6657.81,6652.20,6659.49,2.27259,15128.2793555
2020-03-25T07:26:00.000Z,6659.17,6653.28,6649.62,6659.93,2.77629,18475.9954082
2020-03-25T07:27:00.000Z,6649.57,6646.68,6634.98,6650.05,3.24223,21537.8672596
2020-03-25T07:28:00.000Z,6644.51,6647.37,6642.79,6652.43,3.21125,21357.9163822
2020-03-25T07:29:00.000Z,6649.34,6638.57,6636.98,6649.34,7.24017,48120.745912
2020-03-25T07:30:00.000Z,6640.27,6628.89,6619.32,6640.66,18.16053,120334.2551994
2020-03-25T07:31:00.000Z,6631.27,6640.47,6629.50,6640.47,127.12613,843815.3863521
2020-03-25T07:32:00.000Z,6633.82,6640.77,6633.71,6642.42,7.07873,47008.4458421
2020-03-25T07:33:00.000Z,6639.67,6634.39,6633.16,6643.93,87.09412,578182.0464993
2020-03-25T07:34:00.000Z,6634.40,6633.20,6628.21,6637.47,155.19778,1028995.9957249
2020-03-25T07:35:00.000Z,6635.12,6639.94,6629.37,6639.94,59.20059,392889.9190349
2020-03-25T07:36:00.000Z,6644.32,6648.25,6640.10,6654.28,33.43932,222314.4328183
2020-03-25T07:37:00.000Z,6647.94,6651.01,6645.04,6653.33,8.46553,56305.7796429
2020-03-25T07:38:00.000Z,6647.95,6651.93,6647.02,6653.36,110.66419,736167.7576205
2020-03-25T07:39:00.000Z,6651.50,6636.80,6636.02,6651.50,16.92893,112574.3514266
2020-03-25T07:40:00.000Z,6631.71,6639.65,6628.38,6640.00,95.8044,635119.6896533
2020-03-25T07:41:00.000Z,6638.86,6633.93,6632.38,6638.86,31.00878,205700.2362577
2020-03-25T07:42:00.000Z,6635.06,6631.43,6631.43,6638.10,5.75399,38179.0620054
2020-03-25T07:43:00.000Z,6632.22,6641.03,6627.87,6641.03,44.77466,296837.5442423
2020-03-25T07:44:00.000Z,6644.55,6643.15,6641.88,6648.64,24.72187,164260.2756105
2020-03-25T07:45:00.000Z,6643.58,6648.06,6637.71,6650.04,88.29582,586354.8622434
2020-03-25T07:46:00.000Z,6647.17,6651.50,6645.89,6652.31,98.38594,654259.6660322
2020-03-25T07:47:00.000Z,6653.09,6659.80,6650.79,6660.78,125.08669,832016.9740665
2020-03-25T07:48:00.000Z,6662.88,6656.05,6656.05,6663.54,1.04269,6943.4927932
2020-03-25T07:49:00.000Z,6657.54,6664.38,6655.68,6671.40,125.96881,838810.2764488
2020-03-25T07:50:00.000Z,6664.26,6655.26,6655.26,6666.47,12.85063,85614.76566
2020-03-25T07:51:00.000Z,6656.35,6655.51,6649.48,6657.15,88.43419,588595.6279994
2020-03-25T07:52:00.000Z,6654.79,6661.95,6654.59,6667.18,43.13116,287139.9610575
2020-03-25T07:53:00.000Z,6661.06,6663.80,6654.77,6666.13,104.24213,694681.0870991
2020-03-25T07:54:00.000Z,6664.17,6676.41,6662.38,6678.71,153.88974,1026617.7226637
2020-03-25T07:55:00.000Z,6673.45,6667.48,6667.48,6673.49,21.37333,142569.403373
2020-03-25T07:56:00.000Z,6672.27,6672.35,6667.71,6673.00,160.87547,1073384.2589399
2020-03-25T07:57:00.000Z,6670.00,6664.24,6664.01,6670.00,11.44643,76322.0761351
2020-03-25T07:58:00.000Z,6667.44,6667.15,6665.28,6670.68,88.34219,589230.6824387
2020-03-25T07:59:00.000Z,6666.73,6675.30,6665.36,6679.40,224.18737,1494391.6492581
2020-03-25T08:00:00.000Z,6674.86,6663.56,6663.56,6675.83,151.84402,1012992.5100657
2020-03-25T08:01:00.000Z,6659.82,6662.03,6656.17,6663.39,1.47334,9811.677482
2020-03-25T08:02:00.000Z,6663.91,6653.23,6653.23,6663.92,23.54755,156862.6007825
2020-03-25T08:03:00.000Z,6648.90,6655.17,6648.81,6655.62,27.89957,185595.8373282
2020-03-25T08:04:00.000Z,6649.14,6649.28,6643.75,6650.74,2.70013,17953.6213869
2020-03-25T08:05:00.000Z,6649.22,6654.99,6649.22,6654.99,70.03767,465926.8579685
2020-03-25T08:06:00.000Z,6657.73,6654.41,6654.41,6657.91,186.01996,1238182.6916346
2020-03-25T08:07:00.000Z,6657.74,6640.88,6639.11,6657.74,19.81657,131656.9067631
2020-03-25T08:08:00.000Z,6642.32,6647.32,6639.33,6647.32,3.13117,20805.5834677
2020-03-25T08:09:00.000Z,6646.83,6653.21,6643.62,6653.21,1.01529,6749.9612071
2020-03-25T08:10:00.000Z,6650.59,6643.98,6643.74,6650.59,116.69434,775698.1370778
2020-03-25T08:11:00.000Z,6640.25,6657.15,6640.20,6659.99,127.03331,845153.7918758
2020-03-25T08:12:00.000Z,6654.83,6661.14,6654.83,6661.14,95.29569,634287.6316613
2020-03-25T08:13:00.000Z,6662.07,6653.94,6650.77,6662.07,63.07254,419726.2594176
2020-03-25T08:14:00.000Z,6654.22,6656.75,6652.75,6659.75,102.72063,683913.2832758
2020-03-25T08:15:00.000Z,6653.27,6661.91,6652.97,6662.06,114.17464,760255.0878435
2020-03-25T08:16:00.000Z,6660.37,6661.14,6655.25,6666.57,91.64165,610395.8358629
2020-03-25T08:17:00.000Z,6659.86,6653.14,6650.79,6659.86,268.59704,1787544.9182529
2020-03-25T08:18:00.000Z,6652.70,6646.90,6643.92,6654.48,91.00169,605398.384011
2020-03-25T08:19:00.000Z,6646.00,6644.99,6644.99,6651.09,4.22422,28075.9273253
2020-03-25T08:20:00.000Z,6645.69,6656.68,6645.69,6660.55,125.99862,838067.3315681
2020-03-25T08:21:00.000Z,6656.03,6666.98,6654.33,6666.98,54.64679,363890.8385607
2020-03-25T08:22:00.000Z,6668.28,6669.07,6665.98,6675.73,31.34352,209096.4303734
2020-03-25T08:23:00.000Z,6669.64,6692.06,6669.64,6693.27,6.20592,41459.2557996
2020-03-25T08:24:00.000Z,6689.78,6693.40,6686.58,6698.44,4.68401,31350.6763665
2020-03-25T08:25:00.000Z,6695.00,6709.62,6694.54,6710.00,7.65307,51297.0267433
2020-03-25T08:26:00.000Z,6708.34,6709.54,6693.75,6711.79,19.06252,127723.7532771
2020-03-25T08:27:00.000Z,6708.35,6708.62,6705.26,6720.00,77.2833,518262.536666
2020-03-25T08:28:00.000Z,6709.29,6746.17,6707.82,6752.39,10.69758,71994.7551181
2020-03-25T08:29:00.000Z,6744.11,6731.06,6728.67,6747.86,85.53114,575795.6522189
2020-03-25T08:30:00.000Z,6735.07,6742.00,6735.07,6747.27,1.45277,9794.1541972
2020-03-25T08:31:00.000Z,6741.93,6729.31,6716.81,6741.93,10.29632,69242.3216466
2020-03-25T08:32:00.000Z,6729.57,6724.34,6719.94,6730.42,152.02303,1022286.2039565
2020-03-25T08:33:00.000Z,6723.54,6730.46,6723.54,6731.83,165.39705,1112678.5346517
2020-03-25T08:34:00.000Z,6730.92,6716.34,6716.34,6730.98,33.47335,225208.0149424
2020-03-25T08:35:00.000Z,6722.62,6713.54,6713.49,6726.11,4.55928,30630.4345281
2020-03-25T08:36:00.000Z,6711.72,6719.59,6708.01,6722.15,96.69001,649070.1043616
2020-03-25T08:37:00.000Z,6718.53,6722.77,6718.53,6727.74,29.66947,199463.0828855
2020-03-25T08:38:00.000Z,6722.76,6705.23,6704.96,6722.76,105.70387,710614.5767359
2020-03-25T08:39:00.000Z,6708.32,6711.73,6701.88,6717.10,128.73437,863438.6005557
2020-03-25T08:40:00.000Z,6711.41,6718.76,6707.07,6718.76,70.88763,475761.2343748
2020-03-25T08:41:00.000Z,6721.01,6727.97,6715.59,6733.06,142.33939,956614.8254448
2020-03-25T08:42:00.000Z,6729.69,6718.01,6716.54,6729.69,5.35293,35981.9708614
2020-03-25T08:43:00.000Z,6719.52,6722.33,6718.05,6726.85,91.42786,614522.0979345
2020-03-25T08:44:00.000Z,6728.86,6714.98,6714.98,6728.86,262.24432,1762006.0035966
2020-03-25T08:45:00.000Z,6720.06,6725.10,6719.25,6727.09,65.13151,437892.1021444
2020-03-25T08:46:00.000Z,6724.74,6726.09,6724.74,6728.26,48.43408,325776.4608717
2020-03-25T08:47:00.000Z,6725.50,6735.51,6725.50,6736.38,34.60141,232801.1904638
2020-03-25T08:48:00.000Z,6734.28,6727.39,6724.29,6734.28,67.73471,455909.9032788
2020-03-25T08:49:00.000Z,6725.79,6708.44,6708.01,6725.79,52.26309,351069.1821687
2020-03-25T08:50:00.000Z,6708.16,6710.94,6708.01,6718.84,115.09054,772599.9118564
2020-03-25T08:51:00.000Z,6711.17,6722.86,6711.17,6722.86,11.88196,79834.5820397
2020-03-25T08:52:00.000Z,6727.36,6724.61,6722.00,6727.36,127.76315,859130.417256
2020-03-25T08:53:00.000Z,6724.06,6717.55,6714.86,6724.37,61.03189,410381.7485749
2020-03-25T08:54:00.000Z,6715.24,6725.11,6715.24,6729.78,141.09101,949011.531198
2020-03-25T08:55:00.000Z,6725.90,6726.84,6723.77,6727.41,225.43171,1516259.9962227
2020-03-25T08:56:00.000Z,6724.22,6727.38,6724.22,6728.44,8.12399,54646.7667578
2020-03-25T08:57:00.000Z,6728.51,6750.35,6728.51,6750.35,8.73729,58888.6458634
2020-03-25T08:58:00.000Z,6750.52,6777.99,6747.29,6777.99,19.78592,133829.29689
2020-03-25T08:59:00.000Z,6778.00,6782.81,6777.96,6806.27,43.61773,296265.2130839
2020-03-25T09:00:00.000Z,6778.79,6795.79,6766.53,6799.05,7.83649,53136.2347076
2020-03-25T09:01:00.000Z,6797.55,6817.68,6791.02,6821.93,12.98269,88347.9818858
2020-03-25T09:02:00.000Z,6818.02,6796.42,6792.34,6818.31,17.32197,117876.110849
2020-03-25T09:03:00.000Z,6797.83,6797.25,6791.53,6815.04,13.48485,91732.6703605
2020-03-25T09:04:00.000Z,6797.32,6777.62,6777.62,6798.49,75.90571,514958.0986964
2020-03-25T09:05:00.000Z,6776.44,6793.45,6772.01,6795.26,155.88719,1057154.6789316
2020-03-25T09:06:00.000Z,6793.14,6787.93,6777.25,6795.28,240.58398,1632312.3313638
2020-03-25T09:07:00.000Z,6787.98,6777.48,6777.48,6789.23,163.50069,1108885.1829845
2020-03-25T09:08:00.000Z,6774.59,6784.96,6769.73,6788.71,33.90044,229662.7984799
2020-03-25T09:09:00.000Z,6786.31,6792.55,6785.17,6804.96,119.49684,811036.5570708
2020-03-25T09:10:00.000Z,6793.37,6780.29,6775.88,6795.33,35.44803,240403.6150174
2020-03-25T09:11:00.000Z,6778.00,6789.49,6774.31,6793.00,163.16144,1107076.2729276
2020-03-25T09:12:00.000Z,6796.67,6802.21,6787.64,6804.80,5.32754,36199.6235151
2020-03-25T09:13:00.000Z,6798.73,6786.49,6786.46,6799.65,132.1754,897645.1951618
2020-03-25T09:14:00.000Z,6787.03,6805.52,6787.03,6805.52,76.85304,521627.0459516
2020-03-25T09:15:00.000Z,6806.77,6824.87,6806.77,6824.87,5.66638,38629.0637382
2020-03-25T09:16:00.000Z,6825.00,6823.37,6821.15,6840.48,15.65858,106996.8645137
2020-03-25T09:17:00.000Z,6823.60,6859.67,6823.60,6871.44,109.0128,747807.0555225
2020-03-25T09:18:00.000Z,6844.47,6885.41,6841.21,6890.99,438.13682,3002265.9032541
2020-03-25T09:19:00.000Z,6885.04,6871.62,6870.00,6897.34,124.40534,856073.1361778
2020-03-25T09:20:00.000Z,6871.46,6887.21,6868.92,6900.00,343.49787,2363271.5462195
2020-03-25T09:21:00.000Z,6888.18,6911.07,6887.35,6927.76,415.01329,2859428.1619815
2020-03-25T09:22:00.000Z,6906.55,6889.09,6881.32,6909.25,227.15632,1566922.8946692
2020-03-25T09:23:00.000Z,6892.59,6881.76,6870.81,6902.03,164.59903,1134136.9275018
2020-03-25T09:24:00.000Z,6879.16,6862.63,6844.58,6886.66,231.36104,1590889.4552104
2020-03-25T09:25:00.000Z,6860.16,6872.73,6858.52,6883.67,446.6373,3070185.2966289
2020-03-25T09:26:00.000Z,6874.91,6887.79,6873.71,6893.03,478.61304,3294954.781227
2020-03-25T09:27:00.000Z,6887.20,6877.43,6874.23,6889.04,621.20898,4275599.6438822
2020-03-25T09:28:00.000Z,6875.18,6875.85,6870.00,6879.64,283.42649,1948021.6173553
2020-03-25T09:29:00.000Z,6878.06,6893.40,6877.59,6893.40,372.62836,2565804.9892323
2020-03-25T09:30:00.000Z,6899.26,6877.08,6877.08,6904.00,283.65895,1954676.9654545
2020-03-25T09:31:00.000Z,6873.38,6880.81,6872.01,6889.41,222.94615,1534232.9931668
2020-03-25T09:32:00.000Z,6885.63,6878.72,6878.72,6890.46,330.20802,2273908.7440462
2020-03-25T09:33:00.000Z,6882.24,6875.59,6870.94,6890.15,334.01183,2296759.9534564
2020-03-25T09:34:00.000Z,6871.92,6869.04,6865.66,6876.06,192.51698,1322644.1185503
2020-03-25T09:35:00.000Z,6864.94,6878.45,6864.65,6880.30,280.03295,1924739.2895615
2020-03-25T09:36:00.000Z,6877.68,6883.02,6870.31,6883.79,60.00205,412562.260788
2020-03-25T09:37:00.000Z,6886.19,6899.42,6886.19,6903.84,55.29128,381173.7060139
2020-03-25T09:38:00.000Z,6901.76,6923.30,6901.76,6930.87,15.3102,105801.8671162
2020-03-25T09:39:00.000Z,6923.58,6941.89,6922.32,6959.91,33.40532,231966.2320324
2020-03-25T09:40:00.000Z,6940.64,6911.62,6907.74,6943.14,59.61966,412623.276929
2020-03-25T09:41:00.000Z,6909.48,6893.08,6880.78,6909.48,177.41403,1223893.425323
2020-03-25T09:42:00.000Z,6891.09,6888.82,6888.82,6910.32,284.67333,1965476.5940072
2020-03-25T09:43:00.000Z,6893.41,6877.81,6875.35,6893.41,264.31111,1819971.6845298
2020-03-25T09:44:00.000Z,6877.95,6882.09,6869.29,6887.16,276.55631,1902625.3415021
2020-03-25T09:45:00.000Z,6877.73,6890.99,6877.73,6903.85,225.98225,1556765.2955685
2020-03-25T09:46:00.000Z,6890.50,6889.87,6876.18,6894.12,93.13973,641282.0849186
2020-03-25T09:47:00.000Z,6884.73,6882.41,6881.16,6891.09,103.30804,711316.492836
2020-03-25T09:48:00.000Z,6881.80,6889.27,6881.80,6892.96,211.00833,1453551.7220041
2020-03-25T09:49:00.000Z,6889.89,6900.33,6888.79,6906.69,346.95492,2393798.7184252
2020-03-25T09:50:00.000Z,6900.63,6875.00,6875.00,6903.91,195.67196,1350097.8102263
2020-03-25T09:51:00.000Z,6870.62,6865.90,6862.92,6881.15,349.15876,2397838.1482144
2020-03-25T09:52:00.000Z,6864.32,6872.51,6864.32,6875.33,134.40519,923319.6437591
2020-03-25T09:53:00.000Z,6866.28,6874.78,6866.28,6876.99,25.37467,174444.1273619
2020-03-25T09:54:00.000Z,6870.74,6872.11,6866.63,6878.01,7.29367,50123.6087805
2020-03-25T09:55:00.000Z,6870.83,6880.00,6867.63,6880.00,3.37493,23191.6273154
2020-03-25T09:56:00.000Z,6882.81,6888.25,6882.11,6901.51,5.06147,34877.935944
2020-03-25T09:57:00.000Z,6887.65,6887.07,6882.65,6895.40,1.21382,8360.7762987
2020-03-25T09:58:00.000Z,6886.30,6869.94,6868.54,6895.03,51.61281,354890.3463826
2020-03-25T09:59:00.000Z,6864.26,6860.43,6852.73,6870.19,67.45928,462711.0414354
2020-03-25T10:00:00.000Z,6862.94,6884.83,6862.94,6886.50,3.44008,23660.5227813
2020-03-25T10:01:00.000Z,6884.84,6878.09,6872.42,6887.60,191.70273,1319123.8504279
2020-03-25T10:02:00.000Z,6879.34,6893.26,6875.89,6893.26,39.26464,270133.4642093
2020-03-25T10:03:00.000Z,6893.29,6887.61,6883.27,6895.23,3.21151,22124.0730843
2020-03-25T10:04:00.000Z,6892.72,6877.79,6877.72,6897.10,3.04801,20991.2388941
2020-03-25T10:05:00.000Z,6881.57,6892.36,6880.25,6892.36,3.15745,21747.7893142
2020-03-25T10:06:00.000Z,6887.06,6903.78,6887.06,6903.86,0.96435,6652.1081958
2020-03-25T10:07:00.000Z,6903.76,6897.83,6892.84,6904.33,2.70173,18638.0774416
2020-03-25T10:08:00.000Z,6895.71,6892.98,6891.09,6897.62,160.44857,1106033.0477553
2020-03-25T10:09:00.000Z,6892.98,6878.66,6875.08,6893.73,76.47427,526814.7667143
2020-03-25T10:10:00.000Z,6877.56,6885.62,6877.55,6891.80,13.91438,95822.5555817
2020-03-25T10:11:00.000Z,6885.62,6880.86,6876.81,6887.59,181.17242,1247469.231334
2020-03-25T10:12:00.000Z,6878.95,6889.93,6876.53,6890.81,19.14691,131848.4057021
2020-03-25T10:13:00.000Z,6887.63,6888.19,6880.10,6893.92,11.08018,76336.6059142
2020-03-25T10:14:00.000Z,6891.44,6900.07,6891.44,6901.74,4.81133,33179.9260603
2020-03-25T10:15:00.000Z,6899.79,6891.65,6884.01,6899.79,15.83391,109153.5565224
2020-03-25T10:16:00.000Z,6891.19,6884.35,6880.26,6898.54,15.37071,105886.4167746
2020-03-25T10:17:00.000Z,6883.78,6874.99,6874.23,6886.14,9.53983,65660.289804
2020-03-25T10:18:00.000Z,6875.65,6865.56,6865.54,6879.79,81.44449,559786.6424221
2020-03-25T10:19:00.000Z,6867.69,6832.10,6819.60,6867.69,258.99287,1775592.2015765
2020-03-25T10:20:00.000Z,6833.85,6809.89,6800.44,6853.60,48.62048,332275.5780673
2020-03-25T10:21:00.000Z,6809.89,6801.48,6800.00,6829.58,490.622,3343894.7303716
2020-03-25T10:22:00.000Z,6800.29,6811.79,6800.29,6815.76,245.21182,1669366.7150366
2020-03-25T10:23:00.000Z,6811.94,6819.10,6811.94,6835.84,138.14151,942311.7180029
2020-03-25T10:24:00.000Z,6823.92,6823.26,6822.84,6827.85,14.38746,98175.1124752
2020-03-25T10:25:00.000Z,6823.92,6825.50,6812.00,6827.76,4.73949,32336.3483979
2020-03-25T10:26:00.000Z,6819.32,6826.16,6814.16,6828.01,7.24082,49387.4844805
2020-03-25T10:27:00.000Z,6825.68,6810.31,6806.58,6825.68,33.55297,228596.9974223
2020-03-25T10:28:00.000Z,6811.38,6814.08,6806.14,6820.00,47.19358,321645.4112537
2020-03-25T10:29:00.000Z,6814.90,6799.74,6795.49,6814.90,105.97181,720976.363996
2020-03-25T10:30:00.000Z,6799.13,6795.85,6783.99,6799.13,63.1495,428591.5769191
2020-03-25T10:31:00.000Z,6793.51,6666.00,6666.00,6793.51,307.74159,2083012.035762
2020-03-25T10:32:00.000Z,6666.01,6694.08,6658.90,6722.06,127.53476,855034.9182288
2020-03-25T10:33:00.000Z,6690.35,6694.21,6688.27,6713.66,247.17239,1657276.7476919
2020-03-25T10:34:00.000Z,6696.22,6700.09,6664.26,6700.09,118.69168,794249.0353333
2020-03-25T10:35:00.000Z,6693.81,6700.14,6682.10,6701.62,169.7432,1135251.1673891
2020-03-25T10:36:00.000Z,6704.32,6679.96,6677.91,6708.83,202.07196,1352622.6967876
2020-03-25T10:37:00.000Z,6681.07,6693.58,6659.36,6695.49,352.03006,2351075.1358403
2020-03-25T10:38:00.000Z,6696.33,6700.00,6687.64,6709.18,262.49639,1758240.1317249
2020-03-25T10:39:00.000Z,6699.95,6681.00,6681.00,6705.16,280.69421,1879767.2142638
2020-03-25T10:40:00.000Z,6677.52,6685.85,6676.05,6692.86,293.25929,1960618.9653299
2020-03-25T10:41:00.000Z,6681.07,6660.51,6635.60,6690.69,64.96351,433832.3978592
2020-03-25T10:42:00.000Z,6654.49,6630.24,6593.01,6657.79,76.63795,507330.1922275
2020-03-25T10:43:00.000Z,6629.86,6608.99,6561.21,6633.32,103.48073,683022.1314502
2020-03-25T10:44:00.000Z,6609.00,6596.88,6580.88,6618.06,200.03609,1320713.0777373
2020-03-25T10:45:00.000Z,6593.23,6604.86,6576.74,6614.78,244.29807,1610975.174123
2020-03-25T10:46:00.000Z,6600.98,6589.58,6558.72,6600.98,534.4538,3517253.4982888
2020-03-25T10:47:00.000Z,6583.14,6602.11,6582.82,6610.55,67.09065,442629.1458633
2020-03-25T10:48:00.000Z,6612.58,6614.91,6603.82,6627.95,372.8926,2466096.0966484
2020-03-25T10:49:00.000Z,6614.91,6622.63,6609.85,6628.17,365.17556,2416860.0829561
2020-03-25T10:50:00.000Z,6623.81,6616.22,6604.25,6626.32,218.88234,1447661.4395495
2020-03-25T10:51:00.000Z,6617.05,6594.54,6590.28,6617.06,216.26776,1427945.8147552
2020-03-25T10:52:00.000Z,6601.52,6577.65,6561.63,6601.52,243.35022,1601537.8463954
2020-03-25T10:53:00.000Z,6580.56,6578.69,6574.84,6595.98,238.24793,1568092.1770361
2020-03-25T10:54:00.000Z,6575.92,6545.76,6535.81,6575.92,29.85074,195664.9770512
2020-03-25T10:55:00.000Z,6542.99,6563.65,6537.77,6568.52,124.29495,814088.5994406
2020-03-25T10:56:00.000Z,6562.21,6584.70,6549.85,6587.99,188.28214,1238528.0683008
2020-03-25T10:57:00.000Z,6582.85,6583.02,6571.64,6591.79,415.66721,2735717.1551644
2020-03-25T10:58:00.000Z,6584.19,6575.25,6575.25,6592.11,559.86588,3687211.888232
2020-03-25T10:59:00.000Z,6576.39,6589.11,6571.02,6594.99,454.47638,2989116.9502697
2020-03-25T11:00:00.000Z,6591.29,6602.79,6591.29,6613.08,378.15259,2495232.9477601
2020-03-25T11:01:00.000Z,6605.75,6590.00,6590.00,6609.87,92.59051,611541.5837079
2020-03-25T11:02:00.000Z,6585.06,6577.67,6577.67,6607.76,245.21721,1617006.1018646
2020-03-25T11:03:00.000Z,6577.33,6578.14,6566.20,6583.86,182.72889,1201632.2779449
2020-03-25T11:04:00.000Z,6574.99,6604.99,6573.23,6610.22,276.06057,1820343.1627217
2020-03-25T11:05:00.000Z,6605.17,6615.00,6592.06,6615.00,386.77358,2554134.8151149
2020-03-25T11:06:00.000Z,6613.84,6622.64,6604.09,6626.53,333.48955,2205491.9776109
2020-03-25T11:07:00.000Z,6622.79,6626.96,6612.51,6626.96,218.66591,1446905.0464437
2020-03-25T11:08:00.000Z,6622.52,6620.06,6612.84,6622.59,153.7641,1017599.5665885
2020-03-25T11:09:00.000Z,6618.35,6609.92,6607.70,6618.35,43.37173,286914.8167025
2020-03-25T11:10:00.000Z,6607.33,6597.41,6595.01,6607.33,4.34459,28679.7133629
2020-03-25T11:11:00.000Z,6594.10,6607.00,6586.83,6607.00,3.1477,20752.3011862
2020-03-25T11:12:00.000Z,6597.91,6598.47,6593.68,6598.60,0.75333,4970.4271702
2020-03-25T11:13:00.000Z,6599.16,6596.00,6591.54,6606.13,2.21535,14615.3972255
2020-03-25T11:14:00.000Z,6593.13,6584.76,6573.95,6593.13,4.02026,26455.4968325
2020-03-25T11:15:00.000Z,6584.71,6600.17,6583.89,6605.00,9.92904,65430.5569878
2020-03-25T11:16:00.000Z,6601.46,6601.87,6601.46,6613.52,0.92008,6075.6987479
2020-03-25T11:17:00.000Z,6606.83,6605.13,6599.13,6608.95,0.36604,2416.8003799
2020-03-25T11:18:00.000Z,6603.21,6610.06,6603.21,6615.98,0.63145,4176.5846065
2020-03-25T11:19:00.000Z,6607.62,6609.24,6602.58,6614.27,1.34954,8919.1939645
2020-03-25T11:20:00.000Z,6608.16,6609.78,6597.57,6609.78,3.88381,25648.4700812
2020-03-25T11:21:00.000Z,6611.43,6611.21,6600.00,6613.21,0.63342,4185.9004585
2020-03-25T11:22:00.000Z,6609.22,6600.47,6600.24,6610.72,1.64396,10860.5441509
2020-03-25T11:23:00.000Z,6596.74,6612.61,6596.74,6614.01,3.75376,24815.144633
2020-03-25T11:24:00.000Z,6614.71,6618.36,6608.20,6620.39,0.71522,4729.1958064
2020-03-25T11:25:00.000Z,6617.33,6623.82,6617.33,6628.20,2.26297,14989.3108373
2020-03-25T11:26:00.000Z,6625.60,6620.34,6616.79,6632.13,6.49083,43012.1507437
2020-03-25T11:27:00.000Z,6618.46,6610.71,6605.05,6618.46,7.60129,50272.2416545
2020-03-25T11:28:00.000Z,6611.15,6609.15,6609.15,6612.15,3.09215,20443.347168
2020-03-25T11:29:00.000Z,6611.46,6621.11,6611.46,6627.51,14.77488,97815.8779125
2020-03-25T11:30:00.000Z,6616.95,6619.51,6616.26,6621.85,26.11655,172846.0453212
2020-03-25T11:31:00.000Z,6618.42,6606.98,6604.95,6620.81,31.09531,205455.5248625
2020-03-25T11:32:00.000Z,6610.07,6592.60,6592.60,6615.66,35.16669,232295.716202
2020-03-25T11:33:00.000Z,6590.00,6585.00,6585.00,6595.63,2.83963,18718.9247258
2020-03-25T11:34:00.000Z,6583.11,6573.40,6570.00,6584.75,108.16632,711915.8951683
2020-03-25T11:35:00.000Z,6578.42,6576.12,6576.12,6588.21,104.74106,689858.3945308
2020-03-25T11:36:00.000Z,6578.97,6556.64,6556.64,6580.87,113.64715,746888.3430423
2020-03-25T11:37:00.000Z,6555.98,6557.08,6526.61,6569.67,58.64678,384401.0606018
2020-03-25T11:38:00.000Z,6549.74,6546.20,6540.00,6562.79,345.57835,2265649.8331641
2020-03-25T11:39:00.000Z,6547.14,6507.33,6495.94,6548.95,291.76126,1907703.8117658
2020-03-25T11:40:00.000Z,6495.00,6484.76,6450.52,6509.74,311.48251,2021726.6770132
2020-03-25T11:41:00.000Z,6483.90,6493.72,6472.61,6502.27,192.85401,1251817.0206711
2020-03-25T11:42:00.000Z,6484.78,6475.56,6475.08,6491.44,316.75271,2053279.1644035
2020-03-25T11:43:00.000Z,6475.54,6506.12,6475.54,6507.78,309.51055,2010169.1495722
2020-03-25T11:44:00.000Z,6504.96,6502.57,6500.55,6512.08,335.45959,2183313.1692564
2020-03-25T11:45:00.000Z,6500.84,6531.97,6499.36,6533.21,412.65541,2687785.7772636
2020-03-25T11:46:00.000Z,6531.99,6505.17,6503.58,6532.07,476.34653,3103401.8941613
2020-03-25T11:47:00.000Z,6504.80,6489.78,6487.54,6506.74,501.79887,3259159.6415531
2020-03-25T11:48:00.000Z,6489.83,6502.83,6487.66,6510.57,221.97743,1441639.5277089
2020-03-25T11:49:00.000Z,6502.56,6507.38,6498.51,6507.38,183.89524,1195806.1616149
2020-03-25T11:50:00.000Z,6504.80,6482.70,6482.33,6504.80,43.17365,280391.6785817
2020-03-25T11:51:00.000Z,6483.91,6509.07,6483.91,6509.10,118.6617,770649.4942317
2020-03-25T11:52:00.000Z,6510.09,6516.97,6508.85,6518.34,36.25134,236023.3880678
2020-03-25T11:53:00.000Z,6514.31,6509.15,6509.15,6517.08,1.26344,8228.9279306
2020-03-25T11:54:00.000Z,6506.70,6523.16,6501.32,6527.49,2.72265,17735.9499323
2020-03-25T11:55:00.000Z,6527.91,6514.66,6514.66,6534.53,1.87476,12231.4928977
2020-03-25T11:56:00.000Z,6522.26,6528.45,6520.16,6528.45,3.7038,24162.844649
2020-03-25T11:57:00.000Z,6526.64,6522.64,6519.75,6532.83,1.90483,12424.1862291
2020-03-25T11:58:00.000Z,6523.34,6507.43,6500.00,6526.66,4.33842,28235.3122003
2020-03-25T11:59:00.000Z,6512.45,6517.92,6512.45,6517.94,1.29657,8444.4914452
2020-03-25T12:00:00.000Z,6518.17,6512.55,6507.41,6527.71,2.50448,16323.1007836
2020-03-25T12:01:00.000Z,6513.15,6527.67,6508.51,6527.67,3.9885,25982.2862477
2020-03-25T12:02:00.000Z,6524.85,6532.27,6524.85,6535.18,1.0197,6658.8393746
2020-03-25T12:03:00.000Z,6534.89,6538.66,6521.81,6540.08,5.84085,38159.0247697
2020-03-25T12:04:00.000Z,6541.59,6558.87,6541.59,6564.81,4.06217,26614.1187549
2020-03-25T12:05:00.000Z,6553.91,6558.68,6551.96,6560.65,2.25947,14810.6016648
2020-03-25T12:06:00.000Z,6560.14,6554.07,6546.84,6560.44,1.82214,11946.4584133
2020-03-25T12:07:00.000Z,6553.99,6539.48,6537.66,6553.99,0.81021,5300.7429459
2020-03-25T12:08:00.000Z,6540.02,6538.54,6536.35,6545.75,3.18068,20801.1717004
2020-03-25T12:09:00.000Z,6539.05,6550.60,6537.15,6559.33,4.23221,27726.0633941
2020-03-25T12:10:00.000Z,6552.56,6561.27,6552.56,6561.27,2.74074,17974.9470744
2020-03-25T12:11:00.000Z,6554.72,6547.71,6542.37,6554.72,3.72246,24375.1305497
2020-03-25T12:12:00.000Z,6550.97,6541.83,6538.63,6554.85,2.33376,15281.5933462
2020-03-25T12:13:00.000Z,6539.83,6537.41,6537.41,6542.69,29.21244,191083.3574653
2020-03-25T12:14:00.000Z,6533.56,6538.99,6528.08,6539.53,16.80677,109812.9362772
2020-03-25T12:15:00.000Z,6537.78,6533.31,6517.91,6543.05,22.00497,143615.2997931
2020-03-25T12:16:00.000Z,6533.30,6534.38,6527.93,6540.34,167.43003,1093869.4186982
2020-03-25T12:17:00.000Z,6537.03,6547.60,6530.41,6554.55,156.84511,1024739.3645984
2020-03-25T12:18:00.000Z,6550.26,6556.20,6550.26,6561.97,125.45875,822331.9765198
2020-03-25T12:19:00.000Z,6556.10,6558.14,6551.34,6558.65,343.06749,2249631.9095278
2020-03-25T12:20:00.000Z,6558.67,6561.58,6556.75,6569.94,15.93347,104574.1209716
2020-03-25T12:21:00.000Z,6560.83,6559.20,6555.97,6568.23,13.51153,88662.7028474
2020-03-25T12:22:00.000Z,6559.71,6547.68,6547.68,6560.91,0.57262,3751.8380846
2020-03-25T12:23:00.000Z,6551.37,6554.67,6546.62,6554.67,2.31066,15134.5510345
2020-03-25T12:24:00.000Z,6558.21,6553.44,6552.49,6561.40,1.17039,7674.6380618
2020-03-25T12:25:00.000Z,6556.42,6554.19,6549.59,6563.91,5.34779,35085.480558
2020-03-25T12:26:00.000Z,6554.86,6548.30,6546.45,6556.09,0.17105,1120.6196242
2020-03-25T12:27:00.000Z,6542.78,6538.48,6538.43,6544.04,1.25717,8223.8031523
2020-03-25T12:28:00.000Z,6539.52,6529.85,6527.77,6545.27,2.26514,14809.2337136
2020-03-25T12:29:00.000Z,6523.08,6529.36,6513.23,6529.99,3.70547,24158.3945978
2020-03-25T12:30:00.000Z,6523.35,6515.59,6508.41,6523.35,1.87557,12221.5416741
2020-03-25T12:31:00.000Z,6512.65,6524.83,6512.65,6525.67,1.72793,11264.2745505
2020-03-25T12:32:00.000Z,6524.82,6528.63,6524.82,6538.32,2.7741,18122.6857056
2020-03-25T12:33:00.000Z,6525.72,6533.96,6525.60,6538.10,1.92218,12561.2463425
2020-03-25T12:34:00.000Z,6538.24,6530.51,6530.51,6540.20,3.51162,22957.9521491
2020-03-25T12:35:00.000Z,6531.54,6532.85,6526.85,6539.21,2.86141,18684.3430957
2020-03-25T12:36:00.000Z,6537.76,6541.70,6537.76,6549.52,2.62644,17190.0220511
2020-03-25T12:37:00.000Z,6545.66,6546.03,6542.58,6549.50,2.90994,19041.2988341
2020-03-25T12:38:00.000Z,6546.14,6536.98,6536.98,6546.14,2.90947,19020.8874073
2020-03-25T12:39:00.000Z,6537.14,6542.50,6531.99,6542.50,5.49877,35935.3145371
2020-03-25T12:40:00.000Z,6544.51,6552.40,6544.51,6554.63,11.50465,75321.701921
2020-03-25T12:41:00.000Z,6552.50,6549.07,6549.07,6557.14,51.62291,338144.5389348
2020-03-25T12:42:00.000Z,6552.54,6562.99,6552.54,6562.99,6.37769,41825.1043325
2020-03-25T12:43:00.000Z,6561.66,6554.43,6550.00,6563.95,16.33217,107063.6464107
2020-03-25T12:44:00.000Z,6556.69,6549.03,6548.35,6558.40,6.18507,40522.2083429
2020-03-25T12:45:00.000Z,6549.78,6552.93,6549.78,6558.78,291.51363,1911048.216962
2020-03-25T12:46:00.000Z,6553.48,6540.15,6540.15,6553.51,203.07087,1330027.0399224
2020-03-25T12:47:00.000Z,6540.65,6539.52,6535.83,6551.35,102.2729,669374.0872732
2020-03-25T12:48:00.000Z,6540.54,6546.21,6540.54,6546.91,168.89528,1105200.7046865
2020-03-25T12:49:00.000Z,6542.31,6543.58,6539.49,6546.74,171.03811,1119261.5674471
2020-03-25T12:50:00.000Z,6543.87,6560.98,6543.21,6561.88,24.72532,162001.4602188
2020-03-25T12:51:00.000Z,6559.35,6571.01,6558.89,6571.01,13.62209,89384.3545961
2020-03-25T12:52:00.000Z,6572.86,6581.28,6570.39,6586.35,10.72323,70560.3973066
2020-03-25T12:53:00.000Z,6579.77,6581.59,6578.44,6588.64,5.20832,34289.8101187
2020-03-25T12:54:00.000Z,6581.17,6581.97,6575.79,6590.00,6.84408,45050.8753627
2020-03-25T12:55:00.000Z,6585.16,6577.13,6574.91,6585.87,16.47601,108381.7835677
2020-03-25T12:56:00.000Z,6577.13,6568.82,6567.59,6581.08,69.74928,458424.0122136
2020-03-25T12:57:00.000Z,6572.40,6578.15,6572.40,6586.98,20.37722,134129.2206876
2020-03-25T12:58:00.000Z,6581.58,6584.76,6579.60,6586.76,400.80142,2638572.7696685
2020-03-25T12:59:00.000Z,6584.75,6594.35,6584.26,6601.75,36.81987,242830.8340043
2020-03-25T13:00:00.000Z,6591.79,6596.11,6591.76,6602.76,35.50346,234223.4533333
2020-03-25T13:01:00.000Z,6598.72,6584.44,6584.44,6599.49,43.47969,286671.9920539
2020-03-25T13:02:00.000Z,6584.89,6590.69,6583.60,6594.78,57.11023,376051.6268126
2020-03-25T13:03:00.000Z,6589.16,6575.42,6574.30,6589.16,17.63483,116090.3046036
2020-03-25T13:04:00.000Z,6575.94,6575.56,6574.36,6581.04,13.29876,87453.9448848
2020-03-25T13:05:00.000Z,6576.91,6587.89,6572.64,6587.89,8.3234,54760.7817934
2020-03-25T13:06:00.000Z,6587.64,6579.63,6579.63,6588.61,356.51718,2347457.7214578
2020-03-25T13:07:00.000Z,6582.76,6596.60,6582.76,6596.60,138.78738,915130.0912958
2020-03-25T13:08:00.000Z,6595.68,6589.38,6578.75,6595.68,6.04062,39782.8087935
2020-03-25T13:09:00.000Z,6588.08,6594.87,6582.98,6594.87,5.40443,35604.7044182
2020-03-25T13:10:00.000Z,6595.47,6595.08,6590.65,6596.48,4.68883,30919.5553692
2020-03-25T13:11:00.000Z,6588.03,6593.23,6587.31,6593.94,1.06927,7047.7277263
2020-03-25T13:12:00.000Z,6592.79,6614.43,6592.00,6615.10,13.19978,87199.1652345
2020-03-25T13:13:00.000Z,6615.47,6616.23,6605.47,6618.11,7.22732,47789.3315113
2020-03-25T13:14:00.000Z,6616.31,6613.59,6610.20,6624.12,5.91372,39137.9484851
2020-03-25T13:15:00.000Z,6624.38,6619.98,6619.98,6629.61,7.40583,49069.5987298
2020-03-25T13:16:00.000Z,6616.60,6603.21,6597.09,6623.23,8.02098,53065.8486932
2020-03-25T13:17:00.000Z,6603.23,6606.44,6598.36,6612.91,2.13104,14076.6938138
2020-03-25T13:18:00.000Z,6605.01,6611.90,6604.65,6611.90,1.1743,7759.6235143
2020-03-25T13:19:00.000Z,6612.27,6614.77,6612.27,6620.16,7.12988,47172.2057915
2020-03-25T13:20:00.000Z,6611.86,6607.45,6601.68,6611.86,4.79701,31689.1568898
2020-03-25T13:21:00.000Z,6607.44,6606.48,6597.51,6610.91,5.01323,33106.4095781
2020-03-25T13:22:00.000Z,6600.14,6594.38,6587.13,6600.14,3.36615,22199.9321751
2020-03-25T13:23:00.000Z,6588.49,6591.16,6587.61,6591.44,0.48732,3211.0230463
2020-03-25T13:24:00.000Z,6586.39,6589.09,6586.37,6594.84,1.1628,7664.2416862
2020-03-25T13:25:00.000Z,6587.66,6589.11,6587.66,6595.65,2.2696,14961.2123129
2020-03-25T13:26:00.000Z,6589.74,6587.80,6583.74,6594.69,1.39534,9194.6728246
2020-03-25T13:27:00.000Z,6591.89,6608.60,6588.98,6608.60,3.09254,20398.507116
2020-03-25T13:28:00.000Z,6608.15,6615.43,6603.20,6615.43,4.63861,30655.2765708
2020-03-25T13:29:00.000Z,6611.18,6606.52,6604.50,6613.97,10.45203,69056.1008884
2020-03-25T13:30:00.000Z,6606.20,6574.59,6574.53,6610.52,16.3497,107837.0076104
2020-03-25T13:31:00.000Z,6575.42,6591.28,6572.30,6593.61,5.55473,36561.6089486
2020-03-25T13:32:00.000Z,6588.91,6584.99,6579.82,6592.14,45.32406,298407.5222282
2020-03-25T13:33:00.000Z,6587.00,6624.84,6584.84,6624.84,5.4056,35713.9057226
2020-03-25T13:34:00.000Z,6627.47,6666.19,6627.47,6676.90,172.49409,1148908.1484047
2020-03-25T13:35:00.000Z,6665.61,6660.34,6644.76,6665.61,111.83317,744710.6445851
2020-03-25T13:36:00.000Z,6659.42,6653.96,6645.63,6664.06,359.17454,2389620.7838532
2020-03-25T13:37:00.000Z,6652.87,6651.56,6646.99,6656.10,107.70937,716355.3201009
2020-03-25T13:38:00.000Z,6652.54,6672.56,6639.14,6688.00,37.63327,250744.6115514
2020-03-25T13:39:00.000Z,6679.34,6767.82,6674.94,6809.29,137.86114,930867.8383281
2020-03-25T13:40:00.000Z,6768.12,6742.00,6733.92,6778.73,14.3786,97216.5795506
2020-03-25T13:41:00.000Z,6742.39,6731.72,6711.81,6745.81,11.9638,80472.9277755
2020-03-25T13:42:00.000Z,6731.62,6733.25,6728.70,6756.52,12.65574,85356.2090154
2020-03-25T13:43:00.000Z,6733.58,6719.91,6710.29,6733.58,13.73033,92320.0560212
2020-03-25T13:44:00.000Z,6714.74,6703.56,6688.70,6718.97,71.91481,482234.897335
2020-03-25T13:45:00.000Z,6697.35,6695.45,6693.33,6712.30,79.26125,530981.7237894
2020-03-25T13:46:00.000Z,6697.05,6670.58,6670.58,6709.57,273.07099,1830967.5948302
2020-03-25T13:47:00.000Z,6669.77,6686.26,6665.89,6691.43,259.16472,1732273.9947562
2020-03-25T13:48:00.000Z,6679.12,6685.17,6677.85,6699.21,167.64638,1120000.9586083
2020-03-25T13:49:00.000Z,6688.80,6697.93,6683.80,6709.92,62.57903,419064.6159579
2020-03-25T13:50:00.000Z,6692.86,6695.32,6685.61,6704.53,58.10448,389040.3710298
2020-03-25T13:51:00.000Z,6694.90,6662.67,6650.02,6697.20,12.34787,82411.9561062
2020-03-25T13:52:00.000Z,6663.65,6648.70,6635.83,6663.95,258.69958,1719296.4273589
2020-03-25T13:53:00.000Z,6651.72,6630.05,6625.27,6652.46,275.19713,1826480.9633865
2020-03-25T13:54:00.000Z,6628.57,6635.93,6620.49,6635.93,9.72927,64470.1204199
2020-03-25T13:55:00.000Z,6634.38,6608.87,6602.78,6637.76,7.28655,48243.2112518
2020-03-25T13:56:00.000Z,6618.50,6627.45,6614.86,6632.44,1.24045,8217.0037878
2020-03-25T13:57:00.000Z,6625.55,6634.53,6625.55,6637.27,0.13166,872.9831776
2020-03-25T13:58:00.000Z,6629.62,6603.80,6603.80,6632.07,3.16004,20901.5958169
2020-03-25T13:59:00.000Z,6608.36,6575.76,6571.24,6608.42,23.83706,157078.6288409
2020-03-25T14:00:00.000Z,6572.96,6565.00,6565.00,6591.01,5.78715,38062.5960695
2020-03-25T14:01:00.000Z,6561.31,6574.51,6547.52,6574.51,10.32271,67691.1288172